date,district,week_of_year,dengue_index,respiratory_index
2024-01-01,Trincomalee,1,12.4,48.8
2024-01-08,Trincomalee,2,16.0,60.5
2024-01-15,Trincomalee,3,0.0,46.5
2024-01-22,Trincomalee,4,11.0,51.5
2024-01-29,Trincomalee,5,9.9,47.0
2024-02-05,Trincomalee,6,17.0,55.2
2024-02-12,Trincomalee,7,10.5,55.5
2024-02-19,Trincomalee,8,13.7,41.4
2024-02-26,Trincomalee,9,13.0,38.4
2024-03-04,Trincomalee,10,17.0,41.3
2024-03-11,Trincomalee,11,8.5,34.8
2024-03-18,Trincomalee,12,19.8,35.1
2024-03-25,Trincomalee,13,6.6,30.9
2024-04-01,Trincomalee,14,14.3,32.2
2024-04-08,Trincomalee,15,13.3,29.6
2024-04-15,Trincomalee,16,27.1,21.6
2024-04-22,Trincomalee,17,5.9,16.3
2024-04-29,Trincomalee,18,14.9,25.2
2024-05-06,Trincomalee,19,9.1,10.8
2024-05-13,Trincomalee,20,3.4,17.3
2024-05-20,Trincomalee,21,15.9,14.5
2024-05-27,Trincomalee,22,14.7,10.8
2024-06-03,Trincomalee,23,28.1,9.2
2024-06-10,Trincomalee,24,40.9,8.0
2024-06-17,Trincomalee,25,45.3,6.1
2024-06-24,Trincomalee,26,47.0,9.0
2024-07-01,Trincomalee,27,36.4,3.1
2024-07-08,Trincomalee,28,46.0,1.3
2024-07-15,Trincomalee,29,47.6,14.7
2024-07-22,Trincomalee,30,41.1,12.4
2024-07-29,Trincomalee,31,31.2,5.9
2024-08-05,Trincomalee,32,41.2,12.9
2024-08-12,Trincomalee,33,39.6,16.0
2024-08-19,Trincomalee,34,24.4,10.6
2024-08-26,Trincomalee,35,26.9,14.7
2024-09-02,Trincomalee,36,2.6,11.6
2024-09-09,Trincomalee,37,0.0,24.1
2024-09-16,Trincomalee,38,1.2,28.2
2024-09-23,Trincomalee,39,0.0,27.9
2024-09-30,Trincomalee,40,0.0,28.1
2024-10-07,Trincomalee,41,0.0,29.0
2024-10-14,Trincomalee,42,0.0,33.7
2024-10-21,Trincomalee,43,0.0,41.8
2024-10-28,Trincomalee,44,0.0,41.7
2024-11-04,Trincomalee,45,4.0,46.9
2024-11-11,Trincomalee,46,11.4,46.0
2024-11-18,Trincomalee,47,9.4,48.2
2024-11-25,Trincomalee,48,6.5,41.9
2024-12-02,Trincomalee,49,0.0,46.2
2024-12-09,Trincomalee,50,13.2,47.9
2024-12-16,Trincomalee,51,7.0,62.1
2024-12-23,Trincomalee,52,7.1,59.2
2024-12-30,Trincomalee,1,2.5,53.8
2025-01-06,Trincomalee,2,2.4,52.8
2025-01-13,Trincomalee,3,16.7,43.9
2025-01-20,Trincomalee,4,13.5,54.8
2025-01-27,Trincomalee,5,5.2,43.5
2025-02-03,Trincomalee,6,10.6,47.4
2025-02-10,Trincomalee,7,11.9,48.8
2025-02-17,Trincomalee,8,22.8,45.1
2025-02-24,Trincomalee,9,1.8,45.3
2025-03-03,Trincomalee,10,11.8,49.8
2025-03-10,Trincomalee,11,16.7,41.0
2025-03-17,Trincomalee,12,21.7,28.9
2025-03-24,Trincomalee,13,4.9,27.5
2025-03-31,Trincomalee,14,6.9,21.7
2025-04-07,Trincomalee,15,15.1,25.7
2025-04-14,Trincomalee,16,0.0,17.9
2025-04-21,Trincomalee,17,12.5,26.2
2025-04-28,Trincomalee,18,26.0,35.9
2025-05-05,Trincomalee,19,13.3,9.9
2025-05-12,Trincomalee,20,0.0,15.0
2025-05-19,Trincomalee,21,3.5,8.8
2025-05-26,Trincomalee,22,15.1,8.6
2025-06-02,Trincomalee,23,35.7,8.8
2025-06-09,Trincomalee,24,32.7,0.4
2025-06-16,Trincomalee,25,26.5,2.8
2025-06-23,Trincomalee,26,44.3,15.8
2025-06-30,Trincomalee,27,49.1,10.9
2025-07-07,Trincomalee,28,45.8,0.0
2025-07-14,Trincomalee,29,42.1,1.4
2025-07-21,Trincomalee,30,65.1,1.7
2025-07-28,Trincomalee,31,51.4,2.4
2025-08-04,Trincomalee,32,47.3,11.7
2025-08-11,Trincomalee,33,32.7,11.0
2025-08-18,Trincomalee,34,21.9,16.1
2025-08-25,Trincomalee,35,16.4,8.4
2025-09-01,Trincomalee,36,2.6,19.4
2025-09-08,Trincomalee,37,18.7,22.1
2025-09-15,Trincomalee,38,0.0,25.7
2025-09-22,Trincomalee,39,5.8,28.3
2025-09-29,Trincomalee,40,0.0,36.6
2025-10-06,Trincomalee,41,0.0,42.2
2025-10-13,Trincomalee,42,0.0,28.6
2025-10-20,Trincomalee,43,0.0,48.8
2025-10-27,Trincomalee,44,9.1,40.5
2025-11-03,Trincomalee,45,0.0,53.0
2025-11-10,Trincomalee,46,0.0,41.2
2025-11-17,Trincomalee,47,18.0,46.3
2025-11-24,Trincomalee,48,20.0,49.6
2025-12-01,Trincomalee,49,12.7,60.6
2025-12-08,Trincomalee,50,10.7,57.2
2025-12-15,Trincomalee,51,0.0,54.0
2025-12-22,Trincomalee,52,3.3,47.5
2024-01-01,Ratnapura,1,3.0,53.0
2024-01-08,Ratnapura,2,17.3,46.9
2024-01-15,Ratnapura,3,10.2,51.4
2024-01-22,Ratnapura,4,7.4,59.4
2024-01-29,Ratnapura,5,14.3,60.2
2024-02-05,Ratnapura,6,8.8,46.4
2024-02-12,Ratnapura,7,8.2,50.2
2024-02-19,Ratnapura,8,11.4,40.1
2024-02-26,Ratnapura,9,10.7,45.6
2024-03-04,Ratnapura,10,30.1,52.9
2024-03-11,Ratnapura,11,3.2,37.1
2024-03-18,Ratnapura,12,0.0,32.4
2024-03-25,Ratnapura,13,12.5,40.2
2024-04-01,Ratnapura,14,4.2,26.1
2024-04-08,Ratnapura,15,0.0,26.0
2024-04-15,Ratnapura,16,1.5,20.8
2024-04-22,Ratnapura,17,3.0,20.6
2024-04-29,Ratnapura,18,0.0,9.6
2024-05-06,Ratnapura,19,27.0,8.1
2024-05-13,Ratnapura,20,1.2,24.4
2024-05-20,Ratnapura,21,33.2,4.3
2024-05-27,Ratnapura,22,17.1,11.5
2024-06-03,Ratnapura,23,41.0,1.9
2024-06-10,Ratnapura,24,32.0,11.3
2024-06-17,Ratnapura,25,43.4,3.5
2024-06-24,Ratnapura,26,43.6,0.0
2024-07-01,Ratnapura,27,46.1,3.4
2024-07-08,Ratnapura,28,51.6,1.9
2024-07-15,Ratnapura,29,53.6,11.8
2024-07-22,Ratnapura,30,49.3,8.7
2024-07-29,Ratnapura,31,45.1,7.9
2024-08-05,Ratnapura,32,34.1,11.3
2024-08-12,Ratnapura,33,33.2,23.8
2024-08-19,Ratnapura,34,39.8,15.7
2024-08-26,Ratnapura,35,13.9,9.1
2024-09-02,Ratnapura,36,22.3,20.0
2024-09-09,Ratnapura,37,9.9,10.7
2024-09-16,Ratnapura,38,7.5,26.7
2024-09-23,Ratnapura,39,0.0,24.2
2024-09-30,Ratnapura,40,0.0,30.3
2024-10-07,Ratnapura,41,0.0,32.4
2024-10-14,Ratnapura,42,0.0,36.9
2024-10-21,Ratnapura,43,3.7,23.5
2024-10-28,Ratnapura,44,0.0,42.7
2024-11-04,Ratnapura,45,2.5,42.0
2024-11-11,Ratnapura,46,0.0,48.5
2024-11-18,Ratnapura,47,26.6,39.5
2024-11-25,Ratnapura,48,26.9,48.6
2024-12-02,Ratnapura,49,9.5,45.8
2024-12-09,Ratnapura,50,7.3,61.2
2024-12-16,Ratnapura,51,14.7,64.7
2024-12-23,Ratnapura,52,19.4,57.5
2024-12-30,Ratnapura,1,24.0,57.6
2025-01-06,Ratnapura,2,16.6,53.0
2025-01-13,Ratnapura,3,10.5,50.1
2025-01-20,Ratnapura,4,17.9,46.3
2025-01-27,Ratnapura,5,16.3,51.0
2025-02-03,Ratnapura,6,19.4,55.1
2025-02-10,Ratnapura,7,24.6,53.1
2025-02-17,Ratnapura,8,0.0,46.2
2025-02-24,Ratnapura,9,0.6,41.1
2025-03-03,Ratnapura,10,22.1,45.4
2025-03-10,Ratnapura,11,4.4,32.8
2025-03-17,Ratnapura,12,10.3,28.7
2025-03-24,Ratnapura,13,4.6,34.9
2025-03-31,Ratnapura,14,19.2,33.7
2025-04-07,Ratnapura,15,0.0,28.8
2025-04-14,Ratnapura,16,10.6,26.5
2025-04-21,Ratnapura,17,22.9,8.8
2025-04-28,Ratnapura,18,5.3,21.9
2025-05-05,Ratnapura,19,0.0,24.7
2025-05-12,Ratnapura,20,12.9,18.5
2025-05-19,Ratnapura,21,5.4,16.2
2025-05-26,Ratnapura,22,28.5,10.8
2025-06-02,Ratnapura,23,29.1,9.5
2025-06-09,Ratnapura,24,27.0,5.7
2025-06-16,Ratnapura,25,38.7,8.0
2025-06-23,Ratnapura,26,52.7,0.0
2025-06-30,Ratnapura,27,47.1,13.9
2025-07-07,Ratnapura,28,43.8,0.2
2025-07-14,Ratnapura,29,51.4,10.8
2025-07-21,Ratnapura,30,48.1,14.6
2025-07-28,Ratnapura,31,51.5,12.9
2025-08-04,Ratnapura,32,44.3,23.4
2025-08-11,Ratnapura,33,32.3,0.0
2025-08-18,Ratnapura,34,40.0,10.7
2025-08-25,Ratnapura,35,20.9,23.7
2025-09-01,Ratnapura,36,0.0,10.9
2025-09-08,Ratnapura,37,0.0,16.4
2025-09-15,Ratnapura,38,3.6,27.2
2025-09-22,Ratnapura,39,0.0,18.5
2025-09-29,Ratnapura,40,0.0,30.3
2025-10-06,Ratnapura,41,0.0,35.8
2025-10-13,Ratnapura,42,0.0,36.8
2025-10-20,Ratnapura,43,0.0,40.2
2025-10-27,Ratnapura,44,0.0,37.4
2025-11-03,Ratnapura,45,0.0,45.4
2025-11-10,Ratnapura,46,12.6,44.2
2025-11-17,Ratnapura,47,17.0,47.1
2025-11-24,Ratnapura,48,19.1,55.6
2025-12-01,Ratnapura,49,0.0,44.4
2025-12-08,Ratnapura,50,0.0,39.4
2025-12-15,Ratnapura,51,4.6,58.8
2025-12-22,Ratnapura,52,7.7,56.0
2024-01-01,Nuwara Eliya,1,18.7,63.0
2024-01-08,Nuwara Eliya,2,9.4,62.9
2024-01-15,Nuwara Eliya,3,10.7,49.2
2024-01-22,Nuwara Eliya,4,5.2,44.5
2024-01-29,Nuwara Eliya,5,2.9,50.0
2024-02-05,Nuwara Eliya,6,16.4,60.9
2024-02-12,Nuwara Eliya,7,0.0,51.1
2024-02-19,Nuwara Eliya,8,1.7,49.4
2024-02-26,Nuwara Eliya,9,9.0,33.2
2024-03-04,Nuwara Eliya,10,17.4,38.0
2024-03-11,Nuwara Eliya,11,5.7,32.4
2024-03-18,Nuwara Eliya,12,4.8,38.6
2024-03-25,Nuwara Eliya,13,8.5,35.0
2024-04-01,Nuwara Eliya,14,12.9,37.9
2024-04-08,Nuwara Eliya,15,7.3,18.1
2024-04-15,Nuwara Eliya,16,18.5,22.0
2024-04-22,Nuwara Eliya,17,18.9,23.4
2024-04-29,Nuwara Eliya,18,9.0,20.5
2024-05-06,Nuwara Eliya,19,25.6,28.3
2024-05-13,Nuwara Eliya,20,10.6,14.4
2024-05-20,Nuwara Eliya,21,18.6,6.2
2024-05-27,Nuwara Eliya,22,22.7,9.3
2024-06-03,Nuwara Eliya,23,29.7,2.9
2024-06-10,Nuwara Eliya,24,21.2,0.0
2024-06-17,Nuwara Eliya,25,31.0,3.0
2024-06-24,Nuwara Eliya,26,42.3,16.8
2024-07-01,Nuwara Eliya,27,56.9,0.0
2024-07-08,Nuwara Eliya,28,52.6,2.7
2024-07-15,Nuwara Eliya,29,47.5,6.8
2024-07-22,Nuwara Eliya,30,53.0,4.6
2024-07-29,Nuwara Eliya,31,53.2,1.0
2024-08-05,Nuwara Eliya,32,39.9,25.0
2024-08-12,Nuwara Eliya,33,35.7,19.9
2024-08-19,Nuwara Eliya,34,27.9,16.9
2024-08-26,Nuwara Eliya,35,19.5,14.8
2024-09-02,Nuwara Eliya,36,6.6,21.0
2024-09-09,Nuwara Eliya,37,0.0,25.1
2024-09-16,Nuwara Eliya,38,8.8,26.2
2024-09-23,Nuwara Eliya,39,0.0,29.7
2024-09-30,Nuwara Eliya,40,0.0,35.6
2024-10-07,Nuwara Eliya,41,0.0,31.0
2024-10-14,Nuwara Eliya,42,0.0,27.0
2024-10-21,Nuwara Eliya,43,2.9,44.2
2024-10-28,Nuwara Eliya,44,0.0,32.6
2024-11-04,Nuwara Eliya,45,0.0,40.9
2024-11-11,Nuwara Eliya,46,25.4,49.2
2024-11-18,Nuwara Eliya,47,8.3,51.5
2024-11-25,Nuwara Eliya,48,7.5,48.8
2024-12-02,Nuwara Eliya,49,10.8,51.6
2024-12-09,Nuwara Eliya,50,16.3,55.4
2024-12-16,Nuwara Eliya,51,15.3,50.1
2024-12-23,Nuwara Eliya,52,17.2,64.6
2024-12-30,Nuwara Eliya,1,2.2,49.7
2025-01-06,Nuwara Eliya,2,20.7,53.7
2025-01-13,Nuwara Eliya,3,21.2,51.6
2025-01-20,Nuwara Eliya,4,21.6,54.2
2025-01-27,Nuwara Eliya,5,12.1,61.5
2025-02-03,Nuwara Eliya,6,7.1,44.9
2025-02-10,Nuwara Eliya,7,6.4,51.4
2025-02-17,Nuwara Eliya,8,0.0,50.4
2025-02-24,Nuwara Eliya,9,5.7,51.1
2025-03-03,Nuwara Eliya,10,0.0,36.9
2025-03-10,Nuwara Eliya,11,0.0,33.9
2025-03-17,Nuwara Eliya,12,12.0,34.9
2025-03-24,Nuwara Eliya,13,8.0,32.1
2025-03-31,Nuwara Eliya,14,11.6,23.9
2025-04-07,Nuwara Eliya,15,15.7,31.0
2025-04-14,Nuwara Eliya,16,13.1,27.4
2025-04-21,Nuwara Eliya,17,12.4,33.3
2025-04-28,Nuwara Eliya,18,9.3,16.5
2025-05-05,Nuwara Eliya,19,4.0,9.6
2025-05-12,Nuwara Eliya,20,0.0,8.1
2025-05-19,Nuwara Eliya,21,9.4,13.3
2025-05-26,Nuwara Eliya,22,20.4,4.8
2025-06-02,Nuwara Eliya,23,34.4,12.3
2025-06-09,Nuwara Eliya,24,32.7,2.7
2025-06-16,Nuwara Eliya,25,44.3,6.9
2025-06-23,Nuwara Eliya,26,33.1,4.8
2025-06-30,Nuwara Eliya,27,50.1,0.0
2025-07-07,Nuwara Eliya,28,51.3,0.0
2025-07-14,Nuwara Eliya,29,60.5,13.2
2025-07-21,Nuwara Eliya,30,46.0,8.8
2025-07-28,Nuwara Eliya,31,25.4,0.9
2025-08-04,Nuwara Eliya,32,37.5,3.0
2025-08-11,Nuwara Eliya,33,39.7,23.3
2025-08-18,Nuwara Eliya,34,17.8,8.4
2025-08-25,Nuwara Eliya,35,21.9,25.5
2025-09-01,Nuwara Eliya,36,3.0,19.9
2025-09-08,Nuwara Eliya,37,20.6,11.2
2025-09-15,Nuwara Eliya,38,0.0,21.5
2025-09-22,Nuwara Eliya,39,0.0,31.9
2025-09-29,Nuwara Eliya,40,0.0,19.4
2025-10-06,Nuwara Eliya,41,0.0,29.5
2025-10-13,Nuwara Eliya,42,0.4,32.2
2025-10-20,Nuwara Eliya,43,0.0,42.1
2025-10-27,Nuwara Eliya,44,1.4,44.3
2025-11-03,Nuwara Eliya,45,0.0,47.4
2025-11-10,Nuwara Eliya,46,0.0,48.0
2025-11-17,Nuwara Eliya,47,1.4,51.4
2025-11-24,Nuwara Eliya,48,13.5,42.9
2025-12-01,Nuwara Eliya,49,15.7,53.6
2025-12-08,Nuwara Eliya,50,5.1,62.1
2025-12-15,Nuwara Eliya,51,6.5,54.5
2025-12-22,Nuwara Eliya,52,12.2,51.1
2024-01-01,Colombo,1,33.8,51.8
2024-01-08,Colombo,2,26.7,63.0
2024-01-15,Colombo,3,21.7,39.8
2024-01-22,Colombo,4,42.9,68.7
2024-01-29,Colombo,5,26.8,40.5
2024-02-05,Colombo,6,27.5,48.9
2024-02-12,Colombo,7,28.5,42.0
2024-02-19,Colombo,8,34.6,49.7
2024-02-26,Colombo,9,18.0,48.4
2024-03-04,Colombo,10,46.4,42.6
2024-03-11,Colombo,11,27.3,38.0
2024-03-18,Colombo,12,34.9,25.6
2024-03-25,Colombo,13,31.3,30.7
2024-04-01,Colombo,14,44.8,29.0
2024-04-08,Colombo,15,43.3,20.4
2024-04-15,Colombo,16,34.7,25.9
2024-04-22,Colombo,17,23.0,22.2
2024-04-29,Colombo,18,39.7,16.4
2024-05-06,Colombo,19,16.5,15.7
2024-05-13,Colombo,20,22.8,11.4
2024-05-20,Colombo,21,29.3,1.1
2024-05-27,Colombo,22,27.1,12.3
2024-06-03,Colombo,23,43.0,0.0
2024-06-10,Colombo,24,60.2,8.3
2024-06-17,Colombo,25,54.2,0.0
2024-06-24,Colombo,26,71.4,7.3
2024-07-01,Colombo,27,87.1,7.5
2024-07-08,Colombo,28,72.9,4.2
2024-07-15,Colombo,29,76.3,9.5
2024-07-22,Colombo,30,78.1,3.5
2024-07-29,Colombo,31,61.2,5.0
2024-08-05,Colombo,32,66.2,18.4
2024-08-12,Colombo,33,50.3,8.7
2024-08-19,Colombo,34,49.7,11.9
2024-08-26,Colombo,35,47.6,2.3
2024-09-02,Colombo,36,26.2,13.7
2024-09-09,Colombo,37,7.5,15.4
2024-09-16,Colombo,38,12.8,22.8
2024-09-23,Colombo,39,24.2,25.5
2024-09-30,Colombo,40,3.7,29.7
2024-10-07,Colombo,41,18.6,27.2
2024-10-14,Colombo,42,2.9,39.3
2024-10-21,Colombo,43,10.2,42.8
2024-10-28,Colombo,44,15.2,45.8
2024-11-04,Colombo,45,11.8,44.1
2024-11-11,Colombo,46,24.4,39.3
2024-11-18,Colombo,47,20.3,52.8
2024-11-25,Colombo,48,37.2,44.4
2024-12-02,Colombo,49,29.2,58.9
2024-12-09,Colombo,50,11.8,44.4
2024-12-16,Colombo,51,22.6,63.0
2024-12-23,Colombo,52,32.3,59.4
2024-12-30,Colombo,1,20.9,48.3
2025-01-06,Colombo,2,33.6,55.2
2025-01-13,Colombo,3,34.4,53.1
2025-01-20,Colombo,4,32.2,54.3
2025-01-27,Colombo,5,36.2,57.0
2025-02-03,Colombo,6,17.0,37.1
2025-02-10,Colombo,7,38.0,55.8
2025-02-17,Colombo,8,21.8,35.4
2025-02-24,Colombo,9,30.8,49.8
2025-03-03,Colombo,10,44.4,44.7
2025-03-10,Colombo,11,27.0,33.5
2025-03-17,Colombo,12,30.1,34.2
2025-03-24,Colombo,13,21.9,45.3
2025-03-31,Colombo,14,44.3,36.8
2025-04-07,Colombo,15,22.6,32.1
2025-04-14,Colombo,16,35.1,26.7
2025-04-21,Colombo,17,40.0,24.9
2025-04-28,Colombo,18,35.9,22.2
2025-05-05,Colombo,19,32.7,5.1
2025-05-12,Colombo,20,30.7,10.1
2025-05-19,Colombo,21,19.8,21.4
2025-05-26,Colombo,22,53.8,17.6
2025-06-02,Colombo,23,49.2,16.0
2025-06-09,Colombo,24,54.0,7.8
2025-06-16,Colombo,25,51.1,8.1
2025-06-23,Colombo,26,65.2,0.0
2025-06-30,Colombo,27,67.6,4.5
2025-07-07,Colombo,28,84.2,10.5
2025-07-14,Colombo,29,69.9,7.2
2025-07-21,Colombo,30,68.4,5.4
2025-07-28,Colombo,31,56.0,7.0
2025-08-04,Colombo,32,53.9,1.9
2025-08-11,Colombo,33,58.0,13.6
2025-08-18,Colombo,34,32.9,12.7
2025-08-25,Colombo,35,48.0,22.2
2025-09-01,Colombo,36,41.0,18.6
2025-09-08,Colombo,37,19.3,14.6
2025-09-15,Colombo,38,22.9,26.3
2025-09-22,Colombo,39,25.6,33.6
2025-09-29,Colombo,40,10.9,22.5
2025-10-06,Colombo,41,7.7,34.3
2025-10-13,Colombo,42,8.6,32.5
2025-10-20,Colombo,43,14.0,35.8
2025-10-27,Colombo,44,10.3,43.5
2025-11-03,Colombo,45,16.9,45.7
2025-11-10,Colombo,46,28.2,39.7
2025-11-17,Colombo,47,29.0,57.3
2025-11-24,Colombo,48,30.7,37.9
2025-12-01,Colombo,49,15.1,52.3
2025-12-08,Colombo,50,30.2,52.7
2025-12-15,Colombo,51,39.7,38.2
2025-12-22,Colombo,52,33.2,64.2
2024-01-01,Gampaha,1,21.0,52.7
2024-01-08,Gampaha,2,24.0,49.5
2024-01-15,Gampaha,3,27.4,62.8
2024-01-22,Gampaha,4,44.7,51.4
2024-01-29,Gampaha,5,45.2,52.3
2024-02-05,Gampaha,6,44.0,50.0
2024-02-12,Gampaha,7,31.0,50.9
2024-02-19,Gampaha,8,55.4,51.7
2024-02-26,Gampaha,9,24.3,50.0
2024-03-04,Gampaha,10,27.1,38.7
2024-03-11,Gampaha,11,37.3,39.1
2024-03-18,Gampaha,12,32.2,36.1
2024-03-25,Gampaha,13,32.7,35.6
2024-04-01,Gampaha,14,14.5,34.0
2024-04-08,Gampaha,15,22.1,18.3
2024-04-15,Gampaha,16,29.5,24.5
2024-04-22,Gampaha,17,24.5,26.1
2024-04-29,Gampaha,18,19.3,15.9
2024-05-06,Gampaha,19,25.3,15.5
2024-05-13,Gampaha,20,32.2,7.4
2024-05-20,Gampaha,21,35.8,11.7
2024-05-27,Gampaha,22,24.9,0.0
2024-06-03,Gampaha,23,47.1,6.5
2024-06-10,Gampaha,24,53.1,6.5
2024-06-17,Gampaha,25,61.7,11.4
2024-06-24,Gampaha,26,55.8,0.0
2024-07-01,Gampaha,27,59.3,6.7
2024-07-08,Gampaha,28,79.7,2.6
2024-07-15,Gampaha,29,49.8,0.0
2024-07-22,Gampaha,30,61.4,3.3
2024-07-29,Gampaha,31,61.4,8.1
2024-08-05,Gampaha,32,57.4,15.7
2024-08-12,Gampaha,33,48.5,6.1
2024-08-19,Gampaha,34,51.0,4.2
2024-08-26,Gampaha,35,43.1,16.4
2024-09-02,Gampaha,36,31.6,27.9
2024-09-09,Gampaha,37,21.1,33.5
2024-09-16,Gampaha,38,18.3,16.4
2024-09-23,Gampaha,39,15.9,20.5
2024-09-30,Gampaha,40,5.9,32.4
2024-10-07,Gampaha,41,14.7,29.3
2024-10-14,Gampaha,42,18.1,42.9
2024-10-21,Gampaha,43,23.4,42.0
2024-10-28,Gampaha,44,26.2,30.3
2024-11-04,Gampaha,45,17.6,39.0
2024-11-11,Gampaha,46,27.0,43.1
2024-11-18,Gampaha,47,31.5,60.0
2024-11-25,Gampaha,48,38.6,53.1
2024-12-02,Gampaha,49,28.1,52.6
2024-12-09,Gampaha,50,30.0,56.1
2024-12-16,Gampaha,51,39.3,64.2
2024-12-23,Gampaha,52,32.5,58.4
2024-12-30,Gampaha,1,20.8,54.5
2025-01-06,Gampaha,2,37.5,60.0
2025-01-13,Gampaha,3,31.7,59.6
2025-01-20,Gampaha,4,33.9,60.6
2025-01-27,Gampaha,5,32.3,50.0
2025-02-03,Gampaha,6,32.7,33.0
2025-02-10,Gampaha,7,33.1,26.8
2025-02-17,Gampaha,8,16.2,49.3
2025-02-24,Gampaha,9,33.8,37.2
2025-03-03,Gampaha,10,24.3,49.8
2025-03-10,Gampaha,11,26.1,52.3
2025-03-17,Gampaha,12,30.0,38.4
2025-03-24,Gampaha,13,42.9,33.8
2025-03-31,Gampaha,14,22.0,29.3
2025-04-07,Gampaha,15,29.7,18.8
2025-04-14,Gampaha,16,28.0,19.6
2025-04-21,Gampaha,17,37.4,21.3
2025-04-28,Gampaha,18,27.7,17.7
2025-05-05,Gampaha,19,31.8,19.5
2025-05-12,Gampaha,20,22.0,7.2
2025-05-19,Gampaha,21,38.8,8.8
2025-05-26,Gampaha,22,28.7,12.1
2025-06-02,Gampaha,23,50.9,0.0
2025-06-09,Gampaha,24,55.8,11.0
2025-06-16,Gampaha,25,62.9,9.5
2025-06-23,Gampaha,26,53.5,7.2
2025-06-30,Gampaha,27,65.6,2.1
2025-07-07,Gampaha,28,76.7,14.1
2025-07-14,Gampaha,29,84.1,13.6
2025-07-21,Gampaha,30,67.2,8.7
2025-07-28,Gampaha,31,70.8,8.6
2025-08-04,Gampaha,32,60.9,14.4
2025-08-11,Gampaha,33,53.5,6.9
2025-08-18,Gampaha,34,43.9,17.2
2025-08-25,Gampaha,35,40.0,17.8
2025-09-01,Gampaha,36,38.2,16.1
2025-09-08,Gampaha,37,32.1,23.4
2025-09-15,Gampaha,38,10.2,32.7
2025-09-22,Gampaha,39,11.3,17.1
2025-09-29,Gampaha,40,3.6,23.9
2025-10-06,Gampaha,41,10.6,31.4
2025-10-13,Gampaha,42,7.5,39.7
2025-10-20,Gampaha,43,14.7,40.8
2025-10-27,Gampaha,44,18.6,45.3
2025-11-03,Gampaha,45,3.2,42.0
2025-11-10,Gampaha,46,8.6,46.8
2025-11-17,Gampaha,47,32.8,55.0
2025-11-24,Gampaha,48,49.5,51.8
2025-12-01,Gampaha,49,26.0,55.0
2025-12-08,Gampaha,50,25.8,53.4
2025-12-15,Gampaha,51,37.9,50.9
2025-12-22,Gampaha,52,36.4,58.9
2024-01-01,Mullaitivu,1,2.4,60.8
2024-01-08,Mullaitivu,2,15.6,55.4
2024-01-15,Mullaitivu,3,3.9,49.1
2024-01-22,Mullaitivu,4,5.7,56.6
2024-01-29,Mullaitivu,5,2.4,54.8
2024-02-05,Mullaitivu,6,0.1,49.4
2024-02-12,Mullaitivu,7,10.9,63.4
2024-02-19,Mullaitivu,8,0.0,55.4
2024-02-26,Mullaitivu,9,11.2,46.7
2024-03-04,Mullaitivu,10,10.9,44.3
2024-03-11,Mullaitivu,11,8.8,47.6
2024-03-18,Mullaitivu,12,6.3,42.8
2024-03-25,Mullaitivu,13,4.8,32.7
2024-04-01,Mullaitivu,14,1.4,32.7
2024-04-08,Mullaitivu,15,21.6,26.5
2024-04-15,Mullaitivu,16,8.4,17.3
2024-04-22,Mullaitivu,17,8.2,11.6
2024-04-29,Mullaitivu,18,2.7,19.7
2024-05-06,Mullaitivu,19,20.6,32.7
2024-05-13,Mullaitivu,20,5.3,22.0
2024-05-20,Mullaitivu,21,12.0,10.4
2024-05-27,Mullaitivu,22,23.5,9.8
2024-06-03,Mullaitivu,23,28.1,5.4
2024-06-10,Mullaitivu,24,22.8,0.0
2024-06-17,Mullaitivu,25,45.1,4.1
2024-06-24,Mullaitivu,26,39.9,5.2
2024-07-01,Mullaitivu,27,54.4,6.1
2024-07-08,Mullaitivu,28,44.5,12.5
2024-07-15,Mullaitivu,29,62.4,8.7
2024-07-22,Mullaitivu,30,55.8,14.1
2024-07-29,Mullaitivu,31,53.7,11.5
2024-08-05,Mullaitivu,32,44.7,12.5
2024-08-12,Mullaitivu,33,25.2,15.5
2024-08-19,Mullaitivu,34,16.3,8.7
2024-08-26,Mullaitivu,35,30.4,20.8
2024-09-02,Mullaitivu,36,24.7,16.8
2024-09-09,Mullaitivu,37,0.0,19.7
2024-09-16,Mullaitivu,38,0.9,24.5
2024-09-23,Mullaitivu,39,4.4,24.8
2024-09-30,Mullaitivu,40,0.0,24.1
2024-10-07,Mullaitivu,41,0.0,33.0
2024-10-14,Mullaitivu,42,0.0,34.6
2024-10-21,Mullaitivu,43,0.0,37.2
2024-10-28,Mullaitivu,44,9.5,41.0
2024-11-04,Mullaitivu,45,0.0,31.6
2024-11-11,Mullaitivu,46,0.0,45.0
2024-11-18,Mullaitivu,47,7.3,57.0
2024-11-25,Mullaitivu,48,18.7,58.3
2024-12-02,Mullaitivu,49,10.5,52.4
2024-12-09,Mullaitivu,50,9.3,53.4
2024-12-16,Mullaitivu,51,23.8,40.4
2024-12-23,Mullaitivu,52,0.0,51.6
2024-12-30,Mullaitivu,1,10.1,59.1
2025-01-06,Mullaitivu,2,13.8,52.5
2025-01-13,Mullaitivu,3,18.2,60.5
2025-01-20,Mullaitivu,4,11.5,59.2
2025-01-27,Mullaitivu,5,12.2,48.8
2025-02-03,Mullaitivu,6,15.6,51.2
2025-02-10,Mullaitivu,7,10.0,57.6
2025-02-17,Mullaitivu,8,0.0,38.1
2025-02-24,Mullaitivu,9,0.5,42.0
2025-03-03,Mullaitivu,10,8.0,32.6
2025-03-10,Mullaitivu,11,2.1,33.7
2025-03-17,Mullaitivu,12,29.7,46.8
2025-03-24,Mullaitivu,13,6.7,30.8
2025-03-31,Mullaitivu,14,0.8,18.6
2025-04-07,Mullaitivu,15,9.1,21.0
2025-04-14,Mullaitivu,16,9.3,14.4
2025-04-21,Mullaitivu,17,3.9,22.0
2025-04-28,Mullaitivu,18,12.9,20.9
2025-05-05,Mullaitivu,19,0.0,20.9
2025-05-12,Mullaitivu,20,3.6,17.2
2025-05-19,Mullaitivu,21,9.9,3.0
2025-05-26,Mullaitivu,22,17.5,11.6
2025-06-02,Mullaitivu,23,32.1,7.0
2025-06-09,Mullaitivu,24,46.2,12.7
2025-06-16,Mullaitivu,25,37.8,10.2
2025-06-23,Mullaitivu,26,60.2,16.9
2025-06-30,Mullaitivu,27,38.2,0.0
2025-07-07,Mullaitivu,28,61.7,0.0
2025-07-14,Mullaitivu,29,39.2,2.8
2025-07-21,Mullaitivu,30,51.4,6.0
2025-07-28,Mullaitivu,31,39.5,3.8
2025-08-04,Mullaitivu,32,34.2,4.1
2025-08-11,Mullaitivu,33,52.2,13.1
2025-08-18,Mullaitivu,34,34.3,10.5
2025-08-25,Mullaitivu,35,18.5,11.5
2025-09-01,Mullaitivu,36,0.0,10.1
2025-09-08,Mullaitivu,37,0.0,7.6
2025-09-15,Mullaitivu,38,0.0,32.0
2025-09-22,Mullaitivu,39,0.0,34.7
2025-09-29,Mullaitivu,40,0.0,34.7
2025-10-06,Mullaitivu,41,0.0,36.2
2025-10-13,Mullaitivu,42,0.0,32.5
2025-10-20,Mullaitivu,43,0.0,42.3
2025-10-27,Mullaitivu,44,0.0,34.9
2025-11-03,Mullaitivu,45,0.0,44.7
2025-11-10,Mullaitivu,46,8.7,41.8
2025-11-17,Mullaitivu,47,13.0,52.1
2025-11-24,Mullaitivu,48,24.9,59.9
2025-12-01,Mullaitivu,49,20.2,46.1
2025-12-08,Mullaitivu,50,23.5,50.2
2025-12-15,Mullaitivu,51,18.4,54.7
2025-12-22,Mullaitivu,52,6.7,44.0
2024-01-01,Hambantota,1,8.6,45.6
2024-01-08,Hambantota,2,17.7,63.9
2024-01-15,Hambantota,3,3.6,56.1
2024-01-22,Hambantota,4,4.2,49.6
2024-01-29,Hambantota,5,16.2,51.9
2024-02-05,Hambantota,6,23.9,47.7
2024-02-12,Hambantota,7,18.0,49.3
2024-02-19,Hambantota,8,16.4,43.9
2024-02-26,Hambantota,9,9.6,43.5
2024-03-04,Hambantota,10,3.3,45.6
2024-03-11,Hambantota,11,15.2,42.4
2024-03-18,Hambantota,12,22.3,44.7
2024-03-25,Hambantota,13,7.0,35.3
2024-04-01,Hambantota,14,5.0,30.1
2024-04-08,Hambantota,15,5.2,36.7
2024-04-15,Hambantota,16,12.9,22.7
2024-04-22,Hambantota,17,19.5,8.1
2024-04-29,Hambantota,18,0.0,23.2
2024-05-06,Hambantota,19,10.5,17.3
2024-05-13,Hambantota,20,0.0,13.3
2024-05-20,Hambantota,21,26.0,16.2
2024-05-27,Hambantota,22,21.4,6.8
2024-06-03,Hambantota,23,24.0,0.0
2024-06-10,Hambantota,24,36.0,11.7
2024-06-17,Hambantota,25,27.3,1.8
2024-06-24,Hambantota,26,35.4,0.0
2024-07-01,Hambantota,27,48.5,0.0
2024-07-08,Hambantota,28,54.7,9.7
2024-07-15,Hambantota,29,47.8,0.0
2024-07-22,Hambantota,30,40.1,14.0
2024-07-29,Hambantota,31,22.5,5.8
2024-08-05,Hambantota,32,30.5,14.3
2024-08-12,Hambantota,33,28.5,13.7
2024-08-19,Hambantota,34,31.7,24.4
2024-08-26,Hambantota,35,18.4,18.1
2024-09-02,Hambantota,36,0.9,25.5
2024-09-09,Hambantota,37,0.0,17.8
2024-09-16,Hambantota,38,0.0,14.6
2024-09-23,Hambantota,39,0.0,32.8
2024-09-30,Hambantota,40,0.0,20.5
2024-10-07,Hambantota,41,0.0,37.5
2024-10-14,Hambantota,42,0.0,29.5
2024-10-21,Hambantota,43,0.0,40.5
2024-10-28,Hambantota,44,0.0,52.8
2024-11-04,Hambantota,45,3.9,48.1
2024-11-11,Hambantota,46,27.7,45.3
2024-11-18,Hambantota,47,6.4,51.3
2024-11-25,Hambantota,48,23.5,47.4
2024-12-02,Hambantota,49,1.7,66.0
2024-12-09,Hambantota,50,12.6,49.0
2024-12-16,Hambantota,51,17.3,53.6
2024-12-23,Hambantota,52,8.0,58.2
2024-12-30,Hambantota,1,0.0,57.1
2025-01-06,Hambantota,2,25.3,57.6
2025-01-13,Hambantota,3,7.0,51.2
2025-01-20,Hambantota,4,6.7,51.9
2025-01-27,Hambantota,5,7.0,57.6
2025-02-03,Hambantota,6,0.0,55.7
2025-02-10,Hambantota,7,7.0,51.0
2025-02-17,Hambantota,8,1.0,54.5
2025-02-24,Hambantota,9,20.0,50.0
2025-03-03,Hambantota,10,0.0,46.6
2025-03-10,Hambantota,11,13.2,29.2
2025-03-17,Hambantota,12,9.8,38.2
2025-03-24,Hambantota,13,14.4,34.1
2025-03-31,Hambantota,14,12.3,38.8
2025-04-07,Hambantota,15,19.8,9.8
2025-04-14,Hambantota,16,7.5,23.0
2025-04-21,Hambantota,17,0.0,21.7
2025-04-28,Hambantota,18,20.0,11.9
2025-05-05,Hambantota,19,12.7,10.3
2025-05-12,Hambantota,20,4.6,22.3
2025-05-19,Hambantota,21,5.7,14.1
2025-05-26,Hambantota,22,5.0,20.6
2025-06-02,Hambantota,23,32.0,6.8
2025-06-09,Hambantota,24,38.5,0.0
2025-06-16,Hambantota,25,49.4,3.8
2025-06-23,Hambantota,26,43.1,2.2
2025-06-30,Hambantota,27,43.4,9.2
2025-07-07,Hambantota,28,51.8,9.1
2025-07-14,Hambantota,29,49.7,8.8
2025-07-21,Hambantota,30,44.7,20.0
2025-07-28,Hambantota,31,32.1,15.4
2025-08-04,Hambantota,32,50.8,4.3
2025-08-11,Hambantota,33,51.8,17.3
2025-08-18,Hambantota,34,34.9,13.6
2025-08-25,Hambantota,35,18.3,14.5
2025-09-01,Hambantota,36,15.9,26.8
2025-09-08,Hambantota,37,7.5,15.7
2025-09-15,Hambantota,38,6.7,29.5
2025-09-22,Hambantota,39,0.5,31.5
2025-09-29,Hambantota,40,0.0,24.4
2025-10-06,Hambantota,41,0.0,23.2
2025-10-13,Hambantota,42,0.0,35.5
2025-10-20,Hambantota,43,0.0,21.1
2025-10-27,Hambantota,44,0.0,48.3
2025-11-03,Hambantota,45,0.0,46.4
2025-11-10,Hambantota,46,0.0,55.2
2025-11-17,Hambantota,47,11.7,50.5
2025-11-24,Hambantota,48,38.6,59.7
2025-12-01,Hambantota,49,7.5,48.6
2025-12-08,Hambantota,50,7.4,56.4
2025-12-15,Hambantota,51,9.2,51.9
2025-12-22,Hambantota,52,21.7,54.1
2024-01-01,Kurunegala,1,28.4,55.5
2024-01-08,Kurunegala,2,24.3,57.0
2024-01-15,Kurunegala,3,17.7,49.9
2024-01-22,Kurunegala,4,3.2,56.1
2024-01-29,Kurunegala,5,17.9,52.4
2024-02-05,Kurunegala,6,0.0,42.4
2024-02-12,Kurunegala,7,0.0,38.1
2024-02-19,Kurunegala,8,10.9,53.3
2024-02-26,Kurunegala,9,9.9,30.6
2024-03-04,Kurunegala,10,8.5,40.6
2024-03-11,Kurunegala,11,26.8,30.1
2024-03-18,Kurunegala,12,6.9,46.2
2024-03-25,Kurunegala,13,13.6,36.4
2024-04-01,Kurunegala,14,10.9,32.0
2024-04-08,Kurunegala,15,16.2,22.1
2024-04-15,Kurunegala,16,17.0,15.8
2024-04-22,Kurunegala,17,12.6,22.2
2024-04-29,Kurunegala,18,5.1,18.2
2024-05-06,Kurunegala,19,5.0,9.4
2024-05-13,Kurunegala,20,7.2,6.8
2024-05-20,Kurunegala,21,12.6,4.4
2024-05-27,Kurunegala,22,25.7,2.3
2024-06-03,Kurunegala,23,22.6,4.1
2024-06-10,Kurunegala,24,44.5,8.6
2024-06-17,Kurunegala,25,38.2,8.7
2024-06-24,Kurunegala,26,27.8,4.9
2024-07-01,Kurunegala,27,64.0,5.8
2024-07-08,Kurunegala,28,50.3,8.5
2024-07-15,Kurunegala,29,56.9,0.0
2024-07-22,Kurunegala,30,34.6,7.9
2024-07-29,Kurunegala,31,39.0,15.7
2024-08-05,Kurunegala,32,37.4,0.0
2024-08-12,Kurunegala,33,23.8,0.0
2024-08-19,Kurunegala,34,25.3,12.3
2024-08-26,Kurunegala,35,16.6,22.3
2024-09-02,Kurunegala,36,22.4,17.4
2024-09-09,Kurunegala,37,0.0,24.8
2024-09-16,Kurunegala,38,4.5,25.9
2024-09-23,Kurunegala,39,3.2,20.0
2024-09-30,Kurunegala,40,8.0,24.2
2024-10-07,Kurunegala,41,0.0,22.9
2024-10-14,Kurunegala,42,0.0,45.1
2024-10-21,Kurunegala,43,0.0,43.9
2024-10-28,Kurunegala,44,0.0,41.0
2024-11-04,Kurunegala,45,11.0,42.8
2024-11-11,Kurunegala,46,0.0,41.8
2024-11-18,Kurunegala,47,17.2,51.1
2024-11-25,Kurunegala,48,7.5,46.2
2024-12-02,Kurunegala,49,5.3,49.9
2024-12-09,Kurunegala,50,0.0,49.6
2024-12-16,Kurunegala,51,4.2,58.9
2024-12-23,Kurunegala,52,16.5,53.9
2024-12-30,Kurunegala,1,6.9,55.8
2025-01-06,Kurunegala,2,3.5,47.9
2025-01-13,Kurunegala,3,2.5,50.5
2025-01-20,Kurunegala,4,0.7,54.3
2025-01-27,Kurunegala,5,15.8,42.6
2025-02-03,Kurunegala,6,10.2,49.3
2025-02-10,Kurunegala,7,12.7,48.6
2025-02-17,Kurunegala,8,0.0,39.0
2025-02-24,Kurunegala,9,10.2,50.4
2025-03-03,Kurunegala,10,0.0,43.7
2025-03-10,Kurunegala,11,19.5,37.9
2025-03-17,Kurunegala,12,14.4,31.8
2025-03-24,Kurunegala,13,9.0,23.3
2025-03-31,Kurunegala,14,0.0,35.7
2025-04-07,Kurunegala,15,2.1,24.3
2025-04-14,Kurunegala,16,0.0,15.6
2025-04-21,Kurunegala,17,8.6,16.8
2025-04-28,Kurunegala,18,13.0,21.1
2025-05-05,Kurunegala,19,12.6,17.2
2025-05-12,Kurunegala,20,22.6,7.0
2025-05-19,Kurunegala,21,9.6,18.1
2025-05-26,Kurunegala,22,30.1,0.9
2025-06-02,Kurunegala,23,24.7,16.0
2025-06-09,Kurunegala,24,38.0,7.8
2025-06-16,Kurunegala,25,38.2,3.4
2025-06-23,Kurunegala,26,47.0,3.7
2025-06-30,Kurunegala,27,47.7,5.5
2025-07-07,Kurunegala,28,44.4,8.4
2025-07-14,Kurunegala,29,73.1,0.0
2025-07-21,Kurunegala,30,50.6,2.1
2025-07-28,Kurunegala,31,49.3,8.1
2025-08-04,Kurunegala,32,46.0,16.5
2025-08-11,Kurunegala,33,35.5,18.1
2025-08-18,Kurunegala,34,8.4,23.0
2025-08-25,Kurunegala,35,23.0,22.3
2025-09-01,Kurunegala,36,3.1,13.4
2025-09-08,Kurunegala,37,7.2,21.0
2025-09-15,Kurunegala,38,2.4,30.5
2025-09-22,Kurunegala,39,0.0,32.8
2025-09-29,Kurunegala,40,0.0,28.8
2025-10-06,Kurunegala,41,0.0,36.0
2025-10-13,Kurunegala,42,0.0,39.9
2025-10-20,Kurunegala,43,0.0,39.2
2025-10-27,Kurunegala,44,0.0,48.6
2025-11-03,Kurunegala,45,0.0,40.0
2025-11-10,Kurunegala,46,2.0,54.2
2025-11-17,Kurunegala,47,17.1,46.4
2025-11-24,Kurunegala,48,18.1,41.2
2025-12-01,Kurunegala,49,13.1,41.6
2025-12-08,Kurunegala,50,16.0,54.1
2025-12-15,Kurunegala,51,29.1,47.7
2025-12-22,Kurunegala,52,9.2,65.6
2024-01-01,Vavuniya,1,19.5,50.8
2024-01-08,Vavuniya,2,11.8,54.8
2024-01-15,Vavuniya,3,12.3,50.1
2024-01-22,Vavuniya,4,9.3,43.8
2024-01-29,Vavuniya,5,11.1,54.8
2024-02-05,Vavuniya,6,8.2,40.9
2024-02-12,Vavuniya,7,17.9,50.9
2024-02-19,Vavuniya,8,4.2,44.9
2024-02-26,Vavuniya,9,0.0,38.0
2024-03-04,Vavuniya,10,5.7,49.0
2024-03-11,Vavuniya,11,4.9,42.7
2024-03-18,Vavuniya,12,5.7,37.5
2024-03-25,Vavuniya,13,8.9,38.3
2024-04-01,Vavuniya,14,5.7,20.6
2024-04-08,Vavuniya,15,0.0,23.8
2024-04-15,Vavuniya,16,0.0,26.5
2024-04-22,Vavuniya,17,6.3,35.4
2024-04-29,Vavuniya,18,0.0,19.6
2024-05-06,Vavuniya,19,1.0,12.8
2024-05-13,Vavuniya,20,11.1,0.0
2024-05-20,Vavuniya,21,11.9,22.7
2024-05-27,Vavuniya,22,16.4,11.0
2024-06-03,Vavuniya,23,35.4,6.9
2024-06-10,Vavuniya,24,29.3,0.0
2024-06-17,Vavuniya,25,45.0,5.0
2024-06-24,Vavuniya,26,36.6,5.9
2024-07-01,Vavuniya,27,43.4,1.8
2024-07-08,Vavuniya,28,54.6,0.0
2024-07-15,Vavuniya,29,58.2,0.0
2024-07-22,Vavuniya,30,42.7,18.2
2024-07-29,Vavuniya,31,53.7,8.4
2024-08-05,Vavuniya,32,32.4,6.2
2024-08-12,Vavuniya,33,34.5,11.5
2024-08-19,Vavuniya,34,26.5,13.2
2024-08-26,Vavuniya,35,18.3,7.1
2024-09-02,Vavuniya,36,8.7,23.9
2024-09-09,Vavuniya,37,0.0,20.0
2024-09-16,Vavuniya,38,0.0,24.7
2024-09-23,Vavuniya,39,0.0,35.9
2024-09-30,Vavuniya,40,0.0,22.1
2024-10-07,Vavuniya,41,0.0,28.4
2024-10-14,Vavuniya,42,0.0,37.9
2024-10-21,Vavuniya,43,0.0,44.2
2024-10-28,Vavuniya,44,0.0,37.9
2024-11-04,Vavuniya,45,0.0,40.8
2024-11-11,Vavuniya,46,14.9,50.4
2024-11-18,Vavuniya,47,26.5,62.3
2024-11-25,Vavuniya,48,11.8,51.0
2024-12-02,Vavuniya,49,0.6,47.5
2024-12-09,Vavuniya,50,5.0,47.0
2024-12-16,Vavuniya,51,1.6,53.4
2024-12-23,Vavuniya,52,0.3,59.9
2024-12-30,Vavuniya,1,2.7,71.9
2025-01-06,Vavuniya,2,6.4,55.2
2025-01-13,Vavuniya,3,0.0,64.5
2025-01-20,Vavuniya,4,19.0,55.2
2025-01-27,Vavuniya,5,0.0,53.4
2025-02-03,Vavuniya,6,1.0,59.3
2025-02-10,Vavuniya,7,16.5,49.3
2025-02-17,Vavuniya,8,0.0,40.7
2025-02-24,Vavuniya,9,15.5,51.5
2025-03-03,Vavuniya,10,18.9,32.1
2025-03-10,Vavuniya,11,12.4,45.0
2025-03-17,Vavuniya,12,0.0,35.9
2025-03-24,Vavuniya,13,12.2,31.2
2025-03-31,Vavuniya,14,0.0,28.0
2025-04-07,Vavuniya,15,7.4,26.1
2025-04-14,Vavuniya,16,5.5,21.4
2025-04-21,Vavuniya,17,9.7,23.8
2025-04-28,Vavuniya,18,7.6,15.9
2025-05-05,Vavuniya,19,10.7,4.3
2025-05-12,Vavuniya,20,13.8,13.4
2025-05-19,Vavuniya,21,10.3,17.1
2025-05-26,Vavuniya,22,4.4,0.0
2025-06-02,Vavuniya,23,29.4,7.8
2025-06-09,Vavuniya,24,35.3,3.9
2025-06-16,Vavuniya,25,45.2,11.3
2025-06-23,Vavuniya,26,48.6,3.6
2025-06-30,Vavuniya,27,31.2,9.6
2025-07-07,Vavuniya,28,59.6,9.0
2025-07-14,Vavuniya,29,42.7,9.8
2025-07-21,Vavuniya,30,54.9,16.0
2025-07-28,Vavuniya,31,37.7,6.5
2025-08-04,Vavuniya,32,45.9,9.8
2025-08-11,Vavuniya,33,25.0,13.8
2025-08-18,Vavuniya,34,31.8,13.9
2025-08-25,Vavuniya,35,21.8,14.2
2025-09-01,Vavuniya,36,24.6,13.0
2025-09-08,Vavuniya,37,1.4,21.2
2025-09-15,Vavuniya,38,7.1,15.0
2025-09-22,Vavuniya,39,0.0,14.8
2025-09-29,Vavuniya,40,0.0,23.3
2025-10-06,Vavuniya,41,0.0,37.0
2025-10-13,Vavuniya,42,0.0,37.4
2025-10-20,Vavuniya,43,0.0,42.9
2025-10-27,Vavuniya,44,0.0,37.5
2025-11-03,Vavuniya,45,0.0,50.5
2025-11-10,Vavuniya,46,9.2,38.2
2025-11-17,Vavuniya,47,18.1,42.2
2025-11-24,Vavuniya,48,31.3,56.7
2025-12-01,Vavuniya,49,12.3,53.1
2025-12-08,Vavuniya,50,8.3,57.4
2025-12-15,Vavuniya,51,7.0,55.7
2025-12-22,Vavuniya,52,17.0,51.4
2024-01-01,Batticaloa,1,5.1,47.8
2024-01-08,Batticaloa,2,1.5,43.8
2024-01-15,Batticaloa,3,15.8,65.1
2024-01-22,Batticaloa,4,21.4,43.6
2024-01-29,Batticaloa,5,15.8,60.7
2024-02-05,Batticaloa,6,6.3,51.2
2024-02-12,Batticaloa,7,0.0,50.3
2024-02-19,Batticaloa,8,1.5,47.8
2024-02-26,Batticaloa,9,0.0,47.5
2024-03-04,Batticaloa,10,18.2,36.9
2024-03-11,Batticaloa,11,0.9,25.9
2024-03-18,Batticaloa,12,7.9,32.5
2024-03-25,Batticaloa,13,0.0,35.7
2024-04-01,Batticaloa,14,6.4,23.5
2024-04-08,Batticaloa,15,5.6,33.4
2024-04-15,Batticaloa,16,14.8,23.2
2024-04-22,Batticaloa,17,15.0,14.2
2024-04-29,Batticaloa,18,10.3,19.3
2024-05-06,Batticaloa,19,6.2,18.4
2024-05-13,Batticaloa,20,3.8,16.5
2024-05-20,Batticaloa,21,14.4,0.0
2024-05-27,Batticaloa,22,29.5,0.0
2024-06-03,Batticaloa,23,22.3,14.0
2024-06-10,Batticaloa,24,31.4,0.0
2024-06-17,Batticaloa,25,31.1,11.9
2024-06-24,Batticaloa,26,29.3,12.0
2024-07-01,Batticaloa,27,47.6,0.0
2024-07-08,Batticaloa,28,45.1,0.0
2024-07-15,Batticaloa,29,56.7,10.1
2024-07-22,Batticaloa,30,34.3,4.2
2024-07-29,Batticaloa,31,37.8,15.6
2024-08-05,Batticaloa,32,29.1,19.1
2024-08-12,Batticaloa,33,33.7,4.3
2024-08-19,Batticaloa,34,21.8,8.6
2024-08-26,Batticaloa,35,9.8,16.4
2024-09-02,Batticaloa,36,3.0,5.3
2024-09-09,Batticaloa,37,3.0,10.3
2024-09-16,Batticaloa,38,0.0,18.6
2024-09-23,Batticaloa,39,0.0,39.0
2024-09-30,Batticaloa,40,0.0,31.5
2024-10-07,Batticaloa,41,0.0,29.1
2024-10-14,Batticaloa,42,0.0,29.8
2024-10-21,Batticaloa,43,0.0,31.6
2024-10-28,Batticaloa,44,0.0,38.1
2024-11-04,Batticaloa,45,1.4,40.4
2024-11-11,Batticaloa,46,3.9,45.2
2024-11-18,Batticaloa,47,6.9,51.6
2024-11-25,Batticaloa,48,21.9,50.0
2024-12-02,Batticaloa,49,6.6,56.9
2024-12-09,Batticaloa,50,8.1,51.5
2024-12-16,Batticaloa,51,10.8,64.5
2024-12-23,Batticaloa,52,0.0,59.4
2024-12-30,Batticaloa,1,0.0,56.3
2025-01-06,Batticaloa,2,22.6,57.7
2025-01-13,Batticaloa,3,11.4,50.9
2025-01-20,Batticaloa,4,10.2,51.9
2025-01-27,Batticaloa,5,3.7,50.4
2025-02-03,Batticaloa,6,11.6,46.0
2025-02-10,Batticaloa,7,3.5,40.6
2025-02-17,Batticaloa,8,13.1,49.9
2025-02-24,Batticaloa,9,11.9,50.0
2025-03-03,Batticaloa,10,10.7,44.0
2025-03-10,Batticaloa,11,12.4,38.3
2025-03-17,Batticaloa,12,5.8,49.3
2025-03-24,Batticaloa,13,6.4,29.0
2025-03-31,Batticaloa,14,13.5,31.5
2025-04-07,Batticaloa,15,0.0,33.7
2025-04-14,Batticaloa,16,9.2,17.4
2025-04-21,Batticaloa,17,19.5,24.9
2025-04-28,Batticaloa,18,0.0,29.0
2025-05-05,Batticaloa,19,15.3,15.7
2025-05-12,Batticaloa,20,22.7,14.4
2025-05-19,Batticaloa,21,9.8,7.3
2025-05-26,Batticaloa,22,24.7,12.3
2025-06-02,Batticaloa,23,27.3,3.1
2025-06-09,Batticaloa,24,35.0,6.2
2025-06-16,Batticaloa,25,29.2,0.0
2025-06-23,Batticaloa,26,49.2,0.0
2025-06-30,Batticaloa,27,49.7,2.1
2025-07-07,Batticaloa,28,60.2,2.2
2025-07-14,Batticaloa,29,55.1,3.3
2025-07-21,Batticaloa,30,49.0,11.0
2025-07-28,Batticaloa,31,41.0,13.8
2025-08-04,Batticaloa,32,31.9,11.2
2025-08-11,Batticaloa,33,41.3,15.2
2025-08-18,Batticaloa,34,42.5,8.8
2025-08-25,Batticaloa,35,9.0,9.8
2025-09-01,Batticaloa,36,18.1,21.4
2025-09-08,Batticaloa,37,6.9,14.4
2025-09-15,Batticaloa,38,6.2,16.7
2025-09-22,Batticaloa,39,4.6,44.1
2025-09-29,Batticaloa,40,0.0,33.5
2025-10-06,Batticaloa,41,0.0,22.2
2025-10-13,Batticaloa,42,0.0,29.4
2025-10-20,Batticaloa,43,0.0,49.2
2025-10-27,Batticaloa,44,0.0,43.9
2025-11-03,Batticaloa,45,0.0,43.2
2025-11-10,Batticaloa,46,13.8,46.4
2025-11-17,Batticaloa,47,17.1,47.5
2025-11-24,Batticaloa,48,17.3,42.1
2025-12-01,Batticaloa,49,0.0,50.6
2025-12-08,Batticaloa,50,10.5,45.7
2025-12-15,Batticaloa,51,9.7,54.6
2025-12-22,Batticaloa,52,0.0,49.3
2024-01-01,Monaragala,1,13.3,57.3
2024-01-08,Monaragala,2,0.8,55.8
2024-01-15,Monaragala,3,18.2,58.9
2024-01-22,Monaragala,4,9.2,50.6
2024-01-29,Monaragala,5,5.0,54.9
2024-02-05,Monaragala,6,11.6,54.4
2024-02-12,Monaragala,7,11.1,53.6
2024-02-19,Monaragala,8,10.8,51.3
2024-02-26,Monaragala,9,17.0,39.4
2024-03-04,Monaragala,10,0.0,50.9
2024-03-11,Monaragala,11,12.1,28.6
2024-03-18,Monaragala,12,4.3,40.6
2024-03-25,Monaragala,13,7.8,29.9
2024-04-01,Monaragala,14,21.2,23.7
2024-04-08,Monaragala,15,3.6,28.3
2024-04-15,Monaragala,16,13.1,27.0
2024-04-22,Monaragala,17,17.3,22.3
2024-04-29,Monaragala,18,13.9,16.8
2024-05-06,Monaragala,19,10.5,16.4
2024-05-13,Monaragala,20,11.7,18.1
2024-05-20,Monaragala,21,14.4,11.6
2024-05-27,Monaragala,22,13.5,9.8
2024-06-03,Monaragala,23,27.0,9.0
2024-06-10,Monaragala,24,51.6,3.5
2024-06-17,Monaragala,25,43.3,12.1
2024-06-24,Monaragala,26,45.5,19.2
2024-07-01,Monaragala,27,45.0,6.9
2024-07-08,Monaragala,28,43.4,3.1
2024-07-15,Monaragala,29,51.8,10.8
2024-07-22,Monaragala,30,50.6,14.2
2024-07-29,Monaragala,31,43.9,5.9
2024-08-05,Monaragala,32,61.5,11.8
2024-08-12,Monaragala,33,28.2,7.1
2024-08-19,Monaragala,34,19.6,19.0
2024-08-26,Monaragala,35,17.1,16.6
2024-09-02,Monaragala,36,12.3,22.8
2024-09-09,Monaragala,37,0.0,14.7
2024-09-16,Monaragala,38,1.9,27.6
2024-09-23,Monaragala,39,0.0,22.1
2024-09-30,Monaragala,40,0.0,25.5
2024-10-07,Monaragala,41,0.0,27.3
2024-10-14,Monaragala,42,0.6,39.8
2024-10-21,Monaragala,43,0.0,46.3
2024-10-28,Monaragala,44,17.8,31.4
2024-11-04,Monaragala,45,0.0,40.5
2024-11-11,Monaragala,46,0.0,40.1
2024-11-18,Monaragala,47,10.4,41.4
2024-11-25,Monaragala,48,22.7,50.9
2024-12-02,Monaragala,49,13.8,55.2
2024-12-09,Monaragala,50,14.8,51.1
2024-12-16,Monaragala,51,27.0,55.7
2024-12-23,Monaragala,52,0.0,48.8
2024-12-30,Monaragala,1,0.0,55.1
2025-01-06,Monaragala,2,9.0,52.0
2025-01-13,Monaragala,3,26.1,57.6
2025-01-20,Monaragala,4,15.8,47.8
2025-01-27,Monaragala,5,2.0,52.4
2025-02-03,Monaragala,6,11.4,39.4
2025-02-10,Monaragala,7,8.6,48.8
2025-02-17,Monaragala,8,8.3,41.7
2025-02-24,Monaragala,9,5.7,43.1
2025-03-03,Monaragala,10,10.7,45.2
2025-03-10,Monaragala,11,18.6,37.1
2025-03-17,Monaragala,12,6.4,38.6
2025-03-24,Monaragala,13,14.9,30.4
2025-03-31,Monaragala,14,16.3,35.9
2025-04-07,Monaragala,15,20.3,37.7
2025-04-14,Monaragala,16,3.1,24.1
2025-04-21,Monaragala,17,10.1,20.5
2025-04-28,Monaragala,18,4.8,9.5
2025-05-05,Monaragala,19,10.7,11.2
2025-05-12,Monaragala,20,10.7,8.7
2025-05-19,Monaragala,21,1.2,12.7
2025-05-26,Monaragala,22,21.2,12.9
2025-06-02,Monaragala,23,44.7,9.5
2025-06-09,Monaragala,24,37.8,0.2
2025-06-16,Monaragala,25,29.6,15.2
2025-06-23,Monaragala,26,37.3,0.0
2025-06-30,Monaragala,27,47.7,4.5
2025-07-07,Monaragala,28,42.6,3.4
2025-07-14,Monaragala,29,59.6,0.9
2025-07-21,Monaragala,30,36.9,12.3
2025-07-28,Monaragala,31,48.6,4.1
2025-08-04,Monaragala,32,27.2,5.0
2025-08-11,Monaragala,33,33.5,18.3
2025-08-18,Monaragala,34,18.9,12.9
2025-08-25,Monaragala,35,25.4,1.5
2025-09-01,Monaragala,36,21.1,11.3
2025-09-08,Monaragala,37,8.7,22.6
2025-09-15,Monaragala,38,8.8,27.3
2025-09-22,Monaragala,39,0.0,22.3
2025-09-29,Monaragala,40,0.0,28.8
2025-10-06,Monaragala,41,0.0,37.7
2025-10-13,Monaragala,42,0.0,34.7
2025-10-20,Monaragala,43,0.0,36.1
2025-10-27,Monaragala,44,0.0,35.1
2025-11-03,Monaragala,45,5.2,49.7
2025-11-10,Monaragala,46,7.1,28.2
2025-11-17,Monaragala,47,2.6,60.0
2025-11-24,Monaragala,48,15.6,38.7
2025-12-01,Monaragala,49,19.9,52.2
2025-12-08,Monaragala,50,18.8,55.0
2025-12-15,Monaragala,51,13.7,56.5
2025-12-22,Monaragala,52,15.6,68.5
2024-01-01,Kalutara,1,37.8,45.5
2024-01-08,Kalutara,2,33.6,61.7
2024-01-15,Kalutara,3,39.6,51.7
2024-01-22,Kalutara,4,39.3,58.9
2024-01-29,Kalutara,5,50.6,47.6
2024-02-05,Kalutara,6,25.9,48.7
2024-02-12,Kalutara,7,26.1,43.4
2024-02-19,Kalutara,8,7.9,44.0
2024-02-26,Kalutara,9,33.0,41.2
2024-03-04,Kalutara,10,45.5,41.7
2024-03-11,Kalutara,11,40.3,40.4
2024-03-18,Kalutara,12,36.6,37.7
2024-03-25,Kalutara,13,41.0,33.3
2024-04-01,Kalutara,14,34.0,32.2
2024-04-08,Kalutara,15,27.7,29.4
2024-04-15,Kalutara,16,47.9,22.4
2024-04-22,Kalutara,17,33.4,28.7
2024-04-29,Kalutara,18,39.1,18.5
2024-05-06,Kalutara,19,10.9,18.9
2024-05-13,Kalutara,20,12.2,22.2
2024-05-20,Kalutara,21,31.4,17.3
2024-05-27,Kalutara,22,32.8,0.1
2024-06-03,Kalutara,23,49.3,7.7
2024-06-10,Kalutara,24,50.0,7.1
2024-06-17,Kalutara,25,82.0,10.7
2024-06-24,Kalutara,26,73.1,10.2
2024-07-01,Kalutara,27,79.9,3.9
2024-07-08,Kalutara,28,53.3,4.1
2024-07-15,Kalutara,29,76.3,0.0
2024-07-22,Kalutara,30,66.6,2.5
2024-07-29,Kalutara,31,76.7,12.4
2024-08-05,Kalutara,32,65.1,13.2
2024-08-12,Kalutara,33,53.6,12.5
2024-08-19,Kalutara,34,37.7,0.3
2024-08-26,Kalutara,35,41.2,17.7
2024-09-02,Kalutara,36,42.5,27.8
2024-09-09,Kalutara,37,38.6,15.1
2024-09-16,Kalutara,38,17.3,26.9
2024-09-23,Kalutara,39,35.6,35.9
2024-09-30,Kalutara,40,20.9,27.7
2024-10-07,Kalutara,41,3.2,37.7
2024-10-14,Kalutara,42,1.4,34.6
2024-10-21,Kalutara,43,11.0,48.4
2024-10-28,Kalutara,44,12.5,27.0
2024-11-04,Kalutara,45,24.1,40.0
2024-11-11,Kalutara,46,26.4,46.1
2024-11-18,Kalutara,47,30.6,53.5
2024-11-25,Kalutara,48,27.7,47.5
2024-12-02,Kalutara,49,35.5,48.5
2024-12-09,Kalutara,50,17.1,57.4
2024-12-16,Kalutara,51,39.0,54.0
2024-12-23,Kalutara,52,14.3,59.1
2024-12-30,Kalutara,1,16.7,56.9
2025-01-06,Kalutara,2,22.9,47.9
2025-01-13,Kalutara,3,26.5,53.2
2025-01-20,Kalutara,4,24.8,56.9
2025-01-27,Kalutara,5,26.4,58.0
2025-02-03,Kalutara,6,32.2,46.4
2025-02-10,Kalutara,7,23.1,38.8
2025-02-17,Kalutara,8,32.3,44.5
2025-02-24,Kalutara,9,11.0,41.0
2025-03-03,Kalutara,10,22.8,51.1
2025-03-10,Kalutara,11,16.4,30.2
2025-03-17,Kalutara,12,38.9,44.1
2025-03-24,Kalutara,13,24.0,29.2
2025-03-31,Kalutara,14,34.9,16.0
2025-04-07,Kalutara,15,15.1,25.3
2025-04-14,Kalutara,16,42.4,21.4
2025-04-21,Kalutara,17,30.8,27.9
2025-04-28,Kalutara,18,46.9,14.9
2025-05-05,Kalutara,19,29.9,26.7
2025-05-12,Kalutara,20,17.8,19.6
2025-05-19,Kalutara,21,21.9,11.9
2025-05-26,Kalutara,22,38.1,3.7
2025-06-02,Kalutara,23,39.3,9.5
2025-06-09,Kalutara,24,61.9,5.8
2025-06-16,Kalutara,25,60.5,9.2
2025-06-23,Kalutara,26,56.9,9.6
2025-06-30,Kalutara,27,74.6,20.6
2025-07-07,Kalutara,28,66.8,2.4
2025-07-14,Kalutara,29,75.9,10.6
2025-07-21,Kalutara,30,63.8,4.2
2025-07-28,Kalutara,31,69.0,2.9
2025-08-04,Kalutara,32,56.6,10.0
2025-08-11,Kalutara,33,61.9,7.7
2025-08-18,Kalutara,34,32.4,1.9
2025-08-25,Kalutara,35,29.9,7.9
2025-09-01,Kalutara,36,31.6,11.2
2025-09-08,Kalutara,37,20.4,16.5
2025-09-15,Kalutara,38,16.6,32.0
2025-09-22,Kalutara,39,20.6,27.1
2025-09-29,Kalutara,40,8.3,27.4
2025-10-06,Kalutara,41,12.8,36.5
2025-10-13,Kalutara,42,3.0,36.2
2025-10-20,Kalutara,43,0.0,40.1
2025-10-27,Kalutara,44,21.4,39.9
2025-11-03,Kalutara,45,34.6,38.9
2025-11-10,Kalutara,46,27.8,46.4
2025-11-17,Kalutara,47,32.0,48.0
2025-11-24,Kalutara,48,40.9,55.7
2025-12-01,Kalutara,49,41.0,52.1
2025-12-08,Kalutara,50,36.5,49.2
2025-12-15,Kalutara,51,36.1,49.7
2025-12-22,Kalutara,52,38.7,68.1
2024-01-01,Matale,1,9.0,41.8
2024-01-08,Matale,2,5.6,62.2
2024-01-15,Matale,3,14.4,55.8
2024-01-22,Matale,4,18.1,56.3
2024-01-29,Matale,5,19.7,57.7
2024-02-05,Matale,6,22.2,52.7
2024-02-12,Matale,7,17.2,46.9
2024-02-19,Matale,8,5.2,56.8
2024-02-26,Matale,9,11.7,49.0
2024-03-04,Matale,10,11.0,38.1
2024-03-11,Matale,11,10.1,47.5
2024-03-18,Matale,12,14.4,25.7
2024-03-25,Matale,13,8.3,43.7
2024-04-01,Matale,14,8.3,19.2
2024-04-08,Matale,15,25.1,31.1
2024-04-15,Matale,16,9.4,21.8
2024-04-22,Matale,17,18.7,17.9
2024-04-29,Matale,18,19.2,21.6
2024-05-06,Matale,19,12.0,16.7
2024-05-13,Matale,20,8.6,19.7
2024-05-20,Matale,21,3.1,1.6
2024-05-27,Matale,22,24.9,13.2
2024-06-03,Matale,23,31.0,10.3
2024-06-10,Matale,24,31.4,11.3
2024-06-17,Matale,25,39.5,2.8
2024-06-24,Matale,26,42.2,17.3
2024-07-01,Matale,27,34.2,8.0
2024-07-08,Matale,28,36.3,4.5
2024-07-15,Matale,29,46.3,0.0
2024-07-22,Matale,30,51.2,4.3
2024-07-29,Matale,31,27.9,12.9
2024-08-05,Matale,32,51.4,18.4
2024-08-12,Matale,33,36.8,11.6
2024-08-19,Matale,34,37.8,23.5
2024-08-26,Matale,35,29.1,10.1
2024-09-02,Matale,36,14.4,21.0
2024-09-09,Matale,37,0.0,24.0
2024-09-16,Matale,38,18.3,27.9
2024-09-23,Matale,39,7.1,28.1
2024-09-30,Matale,40,0.0,32.3
2024-10-07,Matale,41,0.0,27.2
2024-10-14,Matale,42,0.3,44.2
2024-10-21,Matale,43,0.0,44.7
2024-10-28,Matale,44,0.0,43.7
2024-11-04,Matale,45,3.8,50.2
2024-11-11,Matale,46,6.7,55.0
2024-11-18,Matale,47,15.3,52.5
2024-11-25,Matale,48,13.3,63.5
2024-12-02,Matale,49,13.8,56.4
2024-12-09,Matale,50,0.0,48.4
2024-12-16,Matale,51,19.9,56.0
2024-12-23,Matale,52,0.0,61.0
2024-12-30,Matale,1,5.6,63.5
2025-01-06,Matale,2,9.3,56.0
2025-01-13,Matale,3,19.4,48.9
2025-01-20,Matale,4,2.1,52.2
2025-01-27,Matale,5,16.6,44.2
2025-02-03,Matale,6,0.0,55.5
2025-02-10,Matale,7,5.2,46.4
2025-02-17,Matale,8,0.0,42.5
2025-02-24,Matale,9,9.9,49.8
2025-03-03,Matale,10,3.8,51.6
2025-03-10,Matale,11,4.5,34.8
2025-03-17,Matale,12,22.3,37.3
2025-03-24,Matale,13,5.6,32.1
2025-03-31,Matale,14,20.8,38.8
2025-04-07,Matale,15,3.5,26.7
2025-04-14,Matale,16,10.7,18.1
2025-04-21,Matale,17,9.6,21.2
2025-04-28,Matale,18,19.1,25.6
2025-05-05,Matale,19,7.4,14.5
2025-05-12,Matale,20,15.3,9.9
2025-05-19,Matale,21,14.7,10.8
2025-05-26,Matale,22,12.2,3.7
2025-06-02,Matale,23,38.8,6.9
2025-06-09,Matale,24,47.1,3.5
2025-06-16,Matale,25,42.2,20.1
2025-06-23,Matale,26,36.2,0.0
2025-06-30,Matale,27,58.3,0.0
2025-07-07,Matale,28,49.6,1.7
2025-07-14,Matale,29,51.9,0.0
2025-07-21,Matale,30,46.6,9.3
2025-07-28,Matale,31,36.6,3.7
2025-08-04,Matale,32,37.1,0.9
2025-08-11,Matale,33,30.6,12.0
2025-08-18,Matale,34,24.0,11.8
2025-08-25,Matale,35,19.8,11.9
2025-09-01,Matale,36,18.3,27.0
2025-09-08,Matale,37,2.3,24.0
2025-09-15,Matale,38,0.0,26.2
2025-09-22,Matale,39,7.8,30.0
2025-09-29,Matale,40,0.0,32.7
2025-10-06,Matale,41,0.1,31.7
2025-10-13,Matale,42,0.0,31.8
2025-10-20,Matale,43,0.0,39.7
2025-10-27,Matale,44,0.0,40.2
2025-11-03,Matale,45,10.4,32.7
2025-11-10,Matale,46,0.0,40.4
2025-11-17,Matale,47,12.3,46.5
2025-11-24,Matale,48,31.2,56.3
2025-12-01,Matale,49,14.0,53.0
2025-12-08,Matale,50,13.1,48.2
2025-12-15,Matale,51,16.9,47.6
2025-12-22,Matale,52,16.7,61.9
2024-01-01,Mannar,1,11.7,53.9
2024-01-08,Mannar,2,13.2,37.6
2024-01-15,Mannar,3,12.4,53.6
2024-01-22,Mannar,4,9.6,57.6
2024-01-29,Mannar,5,9.4,45.3
2024-02-05,Mannar,6,8.9,51.0
2024-02-12,Mannar,7,10.9,49.7
2024-02-19,Mannar,8,18.3,40.1
2024-02-26,Mannar,9,11.4,51.9
2024-03-04,Mannar,10,0.0,42.7
2024-03-11,Mannar,11,5.3,36.6
2024-03-18,Mannar,12,2.8,35.0
2024-03-25,Mannar,13,24.7,25.4
2024-04-01,Mannar,14,0.6,22.2
2024-04-08,Mannar,15,23.8,24.2
2024-04-15,Mannar,16,9.8,21.6
2024-04-22,Mannar,17,2.4,19.7
2024-04-29,Mannar,18,29.7,26.7
2024-05-06,Mannar,19,3.2,19.7
2024-05-13,Mannar,20,3.3,2.8
2024-05-20,Mannar,21,18.2,18.2
2024-05-27,Mannar,22,28.4,6.6
2024-06-03,Mannar,23,25.8,12.4
2024-06-10,Mannar,24,37.1,4.3
2024-06-17,Mannar,25,26.9,6.4
2024-06-24,Mannar,26,53.3,0.0
2024-07-01,Mannar,27,53.2,7.0
2024-07-08,Mannar,28,55.8,10.4
2024-07-15,Mannar,29,44.2,0.0
2024-07-22,Mannar,30,43.8,12.0
2024-07-29,Mannar,31,40.4,3.7
2024-08-05,Mannar,32,25.3,19.9
2024-08-12,Mannar,33,40.5,15.9
2024-08-19,Mannar,34,34.9,16.9
2024-08-26,Mannar,35,18.0,14.8
2024-09-02,Mannar,36,9.4,34.2
2024-09-09,Mannar,37,10.5,18.4
2024-09-16,Mannar,38,3.8,18.0
2024-09-23,Mannar,39,7.3,23.0
2024-09-30,Mannar,40,0.0,36.4
2024-10-07,Mannar,41,0.0,33.6
2024-10-14,Mannar,42,0.0,35.6
2024-10-21,Mannar,43,0.0,36.2
2024-10-28,Mannar,44,7.1,41.0
2024-11-04,Mannar,45,0.0,41.1
2024-11-11,Mannar,46,14.9,50.6
2024-11-18,Mannar,47,17.3,47.2
2024-11-25,Mannar,48,24.6,46.7
2024-12-02,Mannar,49,7.9,58.0
2024-12-09,Mannar,50,17.0,47.5
2024-12-16,Mannar,51,3.2,54.9
2024-12-23,Mannar,52,23.8,43.3
2024-12-30,Mannar,1,12.2,46.7
2025-01-06,Mannar,2,4.9,52.6
2025-01-13,Mannar,3,6.6,51.1
2025-01-20,Mannar,4,10.1,50.2
2025-01-27,Mannar,5,0.0,56.8
2025-02-03,Mannar,6,16.0,55.6
2025-02-10,Mannar,7,0.0,50.5
2025-02-17,Mannar,8,15.4,40.4
2025-02-24,Mannar,9,10.1,43.5
2025-03-03,Mannar,10,24.7,53.2
2025-03-10,Mannar,11,0.0,53.8
2025-03-17,Mannar,12,2.7,41.9
2025-03-24,Mannar,13,17.8,27.0
2025-03-31,Mannar,14,13.9,29.4
2025-04-07,Mannar,15,14.4,28.4
2025-04-14,Mannar,16,19.6,24.5
2025-04-21,Mannar,17,8.7,27.7
2025-04-28,Mannar,18,14.6,22.8
2025-05-05,Mannar,19,4.7,9.5
2025-05-12,Mannar,20,5.5,9.7
2025-05-19,Mannar,21,16.3,17.1
2025-05-26,Mannar,22,18.8,18.0
2025-06-02,Mannar,23,38.1,9.3
2025-06-09,Mannar,24,27.4,16.1
2025-06-16,Mannar,25,39.4,6.5
2025-06-23,Mannar,26,42.0,0.0
2025-06-30,Mannar,27,36.3,8.8
2025-07-07,Mannar,28,43.5,23.5
2025-07-14,Mannar,29,41.1,0.0
2025-07-21,Mannar,30,52.1,15.8
2025-07-28,Mannar,31,45.2,11.3
2025-08-04,Mannar,32,25.1,5.4
2025-08-11,Mannar,33,25.4,0.0
2025-08-18,Mannar,34,28.1,0.0
2025-08-25,Mannar,35,9.4,12.6
2025-09-01,Mannar,36,6.2,20.8
2025-09-08,Mannar,37,8.5,26.5
2025-09-15,Mannar,38,6.1,30.9
2025-09-22,Mannar,39,0.0,28.8
2025-09-29,Mannar,40,0.0,30.8
2025-10-06,Mannar,41,0.0,31.0
2025-10-13,Mannar,42,0.0,38.5
2025-10-20,Mannar,43,0.0,34.9
2025-10-27,Mannar,44,0.0,34.4
2025-11-03,Mannar,45,7.9,44.7
2025-11-10,Mannar,46,0.0,51.4
2025-11-17,Mannar,47,8.3,40.3
2025-11-24,Mannar,48,28.2,47.4
2025-12-01,Mannar,49,6.7,52.4
2025-12-08,Mannar,50,19.1,53.5
2025-12-15,Mannar,51,0.4,57.5
2025-12-22,Mannar,52,6.1,66.1
2024-01-01,Badulla,1,10.0,41.6
2024-01-08,Badulla,2,12.9,66.5
2024-01-15,Badulla,3,22.6,65.3
2024-01-22,Badulla,4,1.8,58.8
2024-01-29,Badulla,5,4.2,53.5
2024-02-05,Badulla,6,0.0,46.7
2024-02-12,Badulla,7,4.6,54.1
2024-02-19,Badulla,8,16.4,48.2
2024-02-26,Badulla,9,0.0,42.3
2024-03-04,Badulla,10,4.0,46.8
2024-03-11,Badulla,11,19.4,45.2
2024-03-18,Badulla,12,4.0,19.5
2024-03-25,Badulla,13,0.0,41.5
2024-04-01,Badulla,14,6.8,25.5
2024-04-08,Badulla,15,23.1,34.6
2024-04-15,Badulla,16,10.2,22.3
2024-04-22,Badulla,17,8.9,22.5
2024-04-29,Badulla,18,22.8,20.9
2024-05-06,Badulla,19,15.8,22.8
2024-05-13,Badulla,20,0.6,18.0
2024-05-20,Badulla,21,7.6,0.0
2024-05-27,Badulla,22,3.0,3.3
2024-06-03,Badulla,23,31.4,8.5
2024-06-10,Badulla,24,35.4,18.3
2024-06-17,Badulla,25,29.7,5.6
2024-06-24,Badulla,26,47.1,0.8
2024-07-01,Badulla,27,48.3,0.0
2024-07-08,Badulla,28,61.1,1.1
2024-07-15,Badulla,29,66.0,5.5
2024-07-22,Badulla,30,56.3,6.3
2024-07-29,Badulla,31,44.4,4.4
2024-08-05,Badulla,32,40.8,11.3
2024-08-12,Badulla,33,27.7,10.5
2024-08-19,Badulla,34,22.3,27.2
2024-08-26,Badulla,35,19.3,25.1
2024-09-02,Badulla,36,11.3,19.9
2024-09-09,Badulla,37,0.0,18.5
2024-09-16,Badulla,38,1.8,33.5
2024-09-23,Badulla,39,0.0,35.3
2024-09-30,Badulla,40,0.0,39.8
2024-10-07,Badulla,41,0.0,47.4
2024-10-14,Badulla,42,0.0,31.4
2024-10-21,Badulla,43,0.0,52.9
2024-10-28,Badulla,44,1.9,39.6
2024-11-04,Badulla,45,10.1,48.3
2024-11-11,Badulla,46,21.8,37.3
2024-11-18,Badulla,47,10.7,45.9
2024-11-25,Badulla,48,4.2,56.9
2024-12-02,Badulla,49,7.8,56.6
2024-12-09,Badulla,50,28.9,51.3
2024-12-16,Badulla,51,6.6,55.0
2024-12-23,Badulla,52,17.9,51.4
2024-12-30,Badulla,1,5.0,61.3
2025-01-06,Badulla,2,13.0,42.5
2025-01-13,Badulla,3,0.2,63.3
2025-01-20,Badulla,4,13.2,48.8
2025-01-27,Badulla,5,8.6,52.2
2025-02-03,Badulla,6,15.9,42.4
2025-02-10,Badulla,7,3.3,50.4
2025-02-17,Badulla,8,9.2,50.0
2025-02-24,Badulla,9,0.2,46.3
2025-03-03,Badulla,10,18.7,44.5
2025-03-10,Badulla,11,11.1,38.3
2025-03-17,Badulla,12,3.3,35.6
2025-03-24,Badulla,13,20.1,32.3
2025-03-31,Badulla,14,2.9,27.0
2025-04-07,Badulla,15,11.6,24.7
2025-04-14,Badulla,16,13.9,27.2
2025-04-21,Badulla,17,17.1,29.7
2025-04-28,Badulla,18,18.0,12.8
2025-05-05,Badulla,19,2.8,15.3
2025-05-12,Badulla,20,6.4,6.6
2025-05-19,Badulla,21,6.5,8.4
2025-05-26,Badulla,22,14.6,7.5
2025-06-02,Badulla,23,36.6,9.1
2025-06-09,Badulla,24,53.7,7.6
2025-06-16,Badulla,25,37.6,5.8
2025-06-23,Badulla,26,46.7,7.8
2025-06-30,Badulla,27,64.7,0.0
2025-07-07,Badulla,28,56.7,6.4
2025-07-14,Badulla,29,37.2,10.4
2025-07-21,Badulla,30,58.2,1.5
2025-07-28,Badulla,31,44.6,0.0
2025-08-04,Badulla,32,29.8,15.7
2025-08-11,Badulla,33,30.2,4.6
2025-08-18,Badulla,34,29.0,10.3
2025-08-25,Badulla,35,16.2,20.2
2025-09-01,Badulla,36,3.5,12.9
2025-09-08,Badulla,37,7.3,27.0
2025-09-15,Badulla,38,10.0,20.0
2025-09-22,Badulla,39,2.8,22.3
2025-09-29,Badulla,40,6.6,23.2
2025-10-06,Badulla,41,0.8,29.1
2025-10-13,Badulla,42,6.3,39.5
2025-10-20,Badulla,43,0.0,35.7
2025-10-27,Badulla,44,1.6,47.9
2025-11-03,Badulla,45,0.0,44.5
2025-11-10,Badulla,46,12.1,47.4
2025-11-17,Badulla,47,2.5,43.8
2025-11-24,Badulla,48,21.9,57.9
2025-12-01,Badulla,49,22.9,56.8
2025-12-08,Badulla,50,12.3,57.9
2025-12-15,Badulla,51,4.7,53.4
2025-12-22,Badulla,52,3.4,47.3
2024-01-01,Matara,1,12.7,56.1
2024-01-08,Matara,2,15.5,58.1
2024-01-15,Matara,3,11.9,57.6
2024-01-22,Matara,4,9.7,55.9
2024-01-29,Matara,5,4.2,54.4
2024-02-05,Matara,6,15.3,46.6
2024-02-12,Matara,7,10.4,45.0
2024-02-19,Matara,8,5.8,39.8
2024-02-26,Matara,9,20.1,50.6
2024-03-04,Matara,10,14.3,53.5
2024-03-11,Matara,11,8.5,57.1
2024-03-18,Matara,12,8.2,37.5
2024-03-25,Matara,13,6.8,35.2
2024-04-01,Matara,14,16.7,29.3
2024-04-08,Matara,15,24.2,28.4
2024-04-15,Matara,16,12.2,18.6
2024-04-22,Matara,17,13.3,20.3
2024-04-29,Matara,18,5.1,13.7
2024-05-06,Matara,19,31.4,14.2
2024-05-13,Matara,20,0.0,9.2
2024-05-20,Matara,21,9.6,14.6
2024-05-27,Matara,22,24.4,13.5
2024-06-03,Matara,23,22.0,9.9
2024-06-10,Matara,24,26.9,2.9
2024-06-17,Matara,25,32.6,0.0
2024-06-24,Matara,26,53.2,9.3
2024-07-01,Matara,27,55.9,5.2
2024-07-08,Matara,28,56.0,0.0
2024-07-15,Matara,29,56.7,6.8
2024-07-22,Matara,30,53.1,8.9
2024-07-29,Matara,31,36.8,0.0
2024-08-05,Matara,32,34.2,12.8
2024-08-12,Matara,33,39.5,3.1
2024-08-19,Matara,34,19.3,9.1
2024-08-26,Matara,35,17.1,7.6
2024-09-02,Matara,36,1.4,13.5
2024-09-09,Matara,37,6.7,14.1
2024-09-16,Matara,38,0.0,30.4
2024-09-23,Matara,39,0.0,25.7
2024-09-30,Matara,40,0.1,27.5
2024-10-07,Matara,41,0.0,40.0
2024-10-14,Matara,42,0.0,42.6
2024-10-21,Matara,43,0.0,36.8
2024-10-28,Matara,44,0.0,43.5
2024-11-04,Matara,45,8.3,40.9
2024-11-11,Matara,46,6.4,46.2
2024-11-18,Matara,47,18.5,42.6
2024-11-25,Matara,48,28.1,53.4
2024-12-02,Matara,49,0.0,59.4
2024-12-09,Matara,50,27.9,59.4
2024-12-16,Matara,51,21.4,54.8
2024-12-23,Matara,52,0.0,43.8
2024-12-30,Matara,1,12.0,51.4
2025-01-06,Matara,2,2.7,54.4
2025-01-13,Matara,3,14.9,45.6
2025-01-20,Matara,4,6.4,62.4
2025-01-27,Matara,5,1.4,57.4
2025-02-03,Matara,6,6.1,53.8
2025-02-10,Matara,7,18.8,53.2
2025-02-17,Matara,8,17.3,39.7
2025-02-24,Matara,9,18.9,39.1
2025-03-03,Matara,10,12.1,43.2
2025-03-10,Matara,11,13.9,40.9
2025-03-17,Matara,12,3.2,27.9
2025-03-24,Matara,13,17.0,34.1
2025-03-31,Matara,14,19.2,29.7
2025-04-07,Matara,15,0.0,32.8
2025-04-14,Matara,16,7.0,26.1
2025-04-21,Matara,17,4.8,31.0
2025-04-28,Matara,18,3.0,16.4
2025-05-05,Matara,19,10.9,9.2
2025-05-12,Matara,20,12.6,23.1
2025-05-19,Matara,21,6.1,13.7
2025-05-26,Matara,22,0.0,9.2
2025-06-02,Matara,23,24.7,3.0
2025-06-09,Matara,24,42.6,4.7
2025-06-16,Matara,25,38.5,3.5
2025-06-23,Matara,26,29.4,0.0
2025-06-30,Matara,27,55.7,0.0
2025-07-07,Matara,28,43.7,2.8
2025-07-14,Matara,29,63.7,10.3
2025-07-21,Matara,30,43.6,14.5
2025-07-28,Matara,31,38.8,13.9
2025-08-04,Matara,32,29.0,15.9
2025-08-11,Matara,33,30.7,5.1
2025-08-18,Matara,34,25.4,15.1
2025-08-25,Matara,35,16.0,19.1
2025-09-01,Matara,36,8.2,22.1
2025-09-08,Matara,37,9.6,20.8
2025-09-15,Matara,38,0.0,24.9
2025-09-22,Matara,39,0.0,39.4
2025-09-29,Matara,40,0.0,35.9
2025-10-06,Matara,41,14.9,36.1
2025-10-13,Matara,42,0.0,40.2
2025-10-20,Matara,43,0.0,36.2
2025-10-27,Matara,44,0.0,45.5
2025-11-03,Matara,45,0.0,45.0
2025-11-10,Matara,46,14.8,51.8
2025-11-17,Matara,47,11.5,44.7
2025-11-24,Matara,48,29.1,55.2
2025-12-01,Matara,49,0.0,50.3
2025-12-08,Matara,50,11.3,58.0
2025-12-15,Matara,51,17.3,56.0
2025-12-22,Matara,52,14.7,55.2
2024-01-01,Kilinochchi,1,4.6,53.4
2024-01-08,Kilinochchi,2,10.2,54.6
2024-01-15,Kilinochchi,3,0.0,51.9
2024-01-22,Kilinochchi,4,10.4,51.7
2024-01-29,Kilinochchi,5,8.0,55.1
2024-02-05,Kilinochchi,6,1.4,40.8
2024-02-12,Kilinochchi,7,7.2,53.3
2024-02-19,Kilinochchi,8,23.5,51.3
2024-02-26,Kilinochchi,9,0.0,42.8
2024-03-04,Kilinochchi,10,12.1,42.7
2024-03-11,Kilinochchi,11,14.3,33.4
2024-03-18,Kilinochchi,12,10.5,38.5
2024-03-25,Kilinochchi,13,16.6,28.2
2024-04-01,Kilinochchi,14,7.2,13.8
2024-04-08,Kilinochchi,15,5.0,23.8
2024-04-15,Kilinochchi,16,1.8,25.0
2024-04-22,Kilinochchi,17,9.6,7.6
2024-04-29,Kilinochchi,18,11.7,12.8
2024-05-06,Kilinochchi,19,13.9,8.1
2024-05-13,Kilinochchi,20,10.2,11.7
2024-05-20,Kilinochchi,21,12.4,12.0
2024-05-27,Kilinochchi,22,18.0,0.2
2024-06-03,Kilinochchi,23,15.4,4.4
2024-06-10,Kilinochchi,24,33.9,3.0
2024-06-17,Kilinochchi,25,44.9,4.1
2024-06-24,Kilinochchi,26,37.0,3.5
2024-07-01,Kilinochchi,27,49.9,6.9
2024-07-08,Kilinochchi,28,64.8,1.2
2024-07-15,Kilinochchi,29,49.2,8.3
2024-07-22,Kilinochchi,30,47.9,3.6
2024-07-29,Kilinochchi,31,32.3,4.8
2024-08-05,Kilinochchi,32,31.3,0.0
2024-08-12,Kilinochchi,33,27.6,5.0
2024-08-19,Kilinochchi,34,31.8,17.0
2024-08-26,Kilinochchi,35,12.8,14.2
2024-09-02,Kilinochchi,36,0.0,15.4
2024-09-09,Kilinochchi,37,9.3,26.1
2024-09-16,Kilinochchi,38,0.0,30.3
2024-09-23,Kilinochchi,39,0.0,19.5
2024-09-30,Kilinochchi,40,0.0,40.0
2024-10-07,Kilinochchi,41,0.0,32.8
2024-10-14,Kilinochchi,42,0.0,23.8
2024-10-21,Kilinochchi,43,0.0,36.7
2024-10-28,Kilinochchi,44,0.0,42.0
2024-11-04,Kilinochchi,45,1.0,49.9
2024-11-11,Kilinochchi,46,7.2,53.9
2024-11-18,Kilinochchi,47,12.9,48.0
2024-11-25,Kilinochchi,48,28.5,44.7
2024-12-02,Kilinochchi,49,32.5,54.4
2024-12-09,Kilinochchi,50,13.0,56.5
2024-12-16,Kilinochchi,51,25.0,59.0
2024-12-23,Kilinochchi,52,0.0,63.2
2024-12-30,Kilinochchi,1,7.3,55.6
2025-01-06,Kilinochchi,2,0.0,58.0
2025-01-13,Kilinochchi,3,4.8,54.9
2025-01-20,Kilinochchi,4,7.7,64.9
2025-01-27,Kilinochchi,5,25.9,52.4
2025-02-03,Kilinochchi,6,10.5,48.3
2025-02-10,Kilinochchi,7,18.8,46.7
2025-02-17,Kilinochchi,8,6.6,52.4
2025-02-24,Kilinochchi,9,5.7,44.0
2025-03-03,Kilinochchi,10,0.0,45.8
2025-03-10,Kilinochchi,11,25.5,43.2
2025-03-17,Kilinochchi,12,21.7,30.9
2025-03-24,Kilinochchi,13,11.9,27.4
2025-03-31,Kilinochchi,14,8.2,34.6
2025-04-07,Kilinochchi,15,10.8,18.5
2025-04-14,Kilinochchi,16,0.0,15.7
2025-04-21,Kilinochchi,17,13.9,33.5
2025-04-28,Kilinochchi,18,20.9,7.0
2025-05-05,Kilinochchi,19,21.4,21.4
2025-05-12,Kilinochchi,20,0.0,11.6
2025-05-19,Kilinochchi,21,18.8,14.6
2025-05-26,Kilinochchi,22,9.5,13.1
2025-06-02,Kilinochchi,23,10.1,6.5
2025-06-09,Kilinochchi,24,43.0,6.7
2025-06-16,Kilinochchi,25,35.9,11.1
2025-06-23,Kilinochchi,26,52.5,13.0
2025-06-30,Kilinochchi,27,55.0,11.5
2025-07-07,Kilinochchi,28,55.6,6.8
2025-07-14,Kilinochchi,29,50.5,4.3
2025-07-21,Kilinochchi,30,38.4,0.9
2025-07-28,Kilinochchi,31,42.4,9.3
2025-08-04,Kilinochchi,32,51.4,9.2
2025-08-11,Kilinochchi,33,42.0,17.8
2025-08-18,Kilinochchi,34,25.3,17.0
2025-08-25,Kilinochchi,35,18.1,23.7
2025-09-01,Kilinochchi,36,17.9,11.2
2025-09-08,Kilinochchi,37,7.4,31.0
2025-09-15,Kilinochchi,38,0.0,26.7
2025-09-22,Kilinochchi,39,0.0,20.8
2025-09-29,Kilinochchi,40,0.0,21.6
2025-10-06,Kilinochchi,41,0.0,39.5
2025-10-13,Kilinochchi,42,0.0,34.2
2025-10-20,Kilinochchi,43,0.0,38.5
2025-10-27,Kilinochchi,44,0.0,45.6
2025-11-03,Kilinochchi,45,0.0,44.4
2025-11-10,Kilinochchi,46,3.6,37.1
2025-11-17,Kilinochchi,47,5.5,58.1
2025-11-24,Kilinochchi,48,23.1,42.6
2025-12-01,Kilinochchi,49,0.0,51.5
2025-12-08,Kilinochchi,50,22.5,52.3
2025-12-15,Kilinochchi,51,20.5,56.4
2025-12-22,Kilinochchi,52,13.8,46.8
2024-01-01,Kandy,1,17.5,53.0
2024-01-08,Kandy,2,16.9,49.9
2024-01-15,Kandy,3,11.4,56.4
2024-01-22,Kandy,4,8.8,55.8
2024-01-29,Kandy,5,7.9,48.2
2024-02-05,Kandy,6,22.8,56.9
2024-02-12,Kandy,7,3.9,52.1
2024-02-19,Kandy,8,4.1,39.5
2024-02-26,Kandy,9,18.3,34.0
2024-03-04,Kandy,10,17.4,40.1
2024-03-11,Kandy,11,8.3,41.3
2024-03-18,Kandy,12,14.6,31.0
2024-03-25,Kandy,13,15.7,33.7
2024-04-01,Kandy,14,0.0,29.0
2024-04-08,Kandy,15,21.1,37.0
2024-04-15,Kandy,16,15.7,16.9
2024-04-22,Kandy,17,13.9,26.2
2024-04-29,Kandy,18,15.8,23.1
2024-05-06,Kandy,19,12.9,15.4
2024-05-13,Kandy,20,5.1,2.0
2024-05-20,Kandy,21,12.7,12.4
2024-05-27,Kandy,22,24.5,1.4
2024-06-03,Kandy,23,32.3,20.2
2024-06-10,Kandy,24,34.6,6.3
2024-06-17,Kandy,25,42.4,17.9
2024-06-24,Kandy,26,36.5,6.4
2024-07-01,Kandy,27,41.7,1.7
2024-07-08,Kandy,28,49.4,13.3
2024-07-15,Kandy,29,64.2,8.4
2024-07-22,Kandy,30,45.0,21.6
2024-07-29,Kandy,31,41.3,4.4
2024-08-05,Kandy,32,25.7,17.8
2024-08-12,Kandy,33,41.7,25.8
2024-08-19,Kandy,34,16.1,22.2
2024-08-26,Kandy,35,20.6,20.6
2024-09-02,Kandy,36,0.0,27.2
2024-09-09,Kandy,37,12.4,20.9
2024-09-16,Kandy,38,5.3,19.4
2024-09-23,Kandy,39,0.0,24.2
2024-09-30,Kandy,40,0.0,35.2
2024-10-07,Kandy,41,0.0,28.8
2024-10-14,Kandy,42,0.0,34.4
2024-10-21,Kandy,43,0.0,35.1
2024-10-28,Kandy,44,0.0,47.9
2024-11-04,Kandy,45,0.0,56.3
2024-11-11,Kandy,46,6.4,41.0
2024-11-18,Kandy,47,22.6,52.5
2024-11-25,Kandy,48,25.8,57.7
2024-12-02,Kandy,49,4.8,51.4
2024-12-09,Kandy,50,8.6,45.6
2024-12-16,Kandy,51,7.9,62.3
2024-12-23,Kandy,52,11.9,46.7
2024-12-30,Kandy,1,0.0,65.0
2025-01-06,Kandy,2,9.3,50.9
2025-01-13,Kandy,3,7.8,45.4
2025-01-20,Kandy,4,21.4,51.0
2025-01-27,Kandy,5,20.9,52.4
2025-02-03,Kandy,6,21.4,52.1
2025-02-10,Kandy,7,16.8,53.0
2025-02-17,Kandy,8,15.0,48.7
2025-02-24,Kandy,9,8.1,55.7
2025-03-03,Kandy,10,2.7,41.6
2025-03-10,Kandy,11,10.1,41.3
2025-03-17,Kandy,12,6.6,37.9
2025-03-24,Kandy,13,8.6,23.5
2025-03-31,Kandy,14,10.1,23.4
2025-04-07,Kandy,15,0.0,27.8
2025-04-14,Kandy,16,13.9,27.2
2025-04-21,Kandy,17,14.5,9.5
2025-04-28,Kandy,18,0.0,30.2
2025-05-05,Kandy,19,1.6,19.5
2025-05-12,Kandy,20,4.5,13.9
2025-05-19,Kandy,21,4.9,14.7
2025-05-26,Kandy,22,21.1,6.7
2025-06-02,Kandy,23,18.8,9.5
2025-06-09,Kandy,24,24.2,9.2
2025-06-16,Kandy,25,60.9,13.8
2025-06-23,Kandy,26,50.4,4.7
2025-06-30,Kandy,27,32.5,0.0
2025-07-07,Kandy,28,60.0,0.4
2025-07-14,Kandy,29,44.2,4.7
2025-07-21,Kandy,30,39.6,0.0
2025-07-28,Kandy,31,44.3,2.5
2025-08-04,Kandy,32,34.0,4.7
2025-08-11,Kandy,33,38.1,9.9
2025-08-18,Kandy,34,25.8,17.0
2025-08-25,Kandy,35,18.9,14.1
2025-09-01,Kandy,36,16.6,22.4
2025-09-08,Kandy,37,4.9,21.6
2025-09-15,Kandy,38,0.0,18.9
2025-09-22,Kandy,39,1.5,29.7
2025-09-29,Kandy,40,0.0,31.7
2025-10-06,Kandy,41,0.0,37.2
2025-10-13,Kandy,42,0.0,41.5
2025-10-20,Kandy,43,0.0,47.2
2025-10-27,Kandy,44,0.0,45.4
2025-11-03,Kandy,45,2.4,45.7
2025-11-10,Kandy,46,0.2,50.8
2025-11-17,Kandy,47,35.6,46.5
2025-11-24,Kandy,48,20.6,47.9
2025-12-01,Kandy,49,6.1,61.4
2025-12-08,Kandy,50,4.6,50.5
2025-12-15,Kandy,51,0.0,49.7
2025-12-22,Kandy,52,0.0,58.6
2024-01-01,Puttalam,1,32.4,52.8
2024-01-08,Puttalam,2,0.0,60.2
2024-01-15,Puttalam,3,4.2,62.1
2024-01-22,Puttalam,4,7.7,49.6
2024-01-29,Puttalam,5,8.6,56.7
2024-02-05,Puttalam,6,8.2,47.6
2024-02-12,Puttalam,7,8.4,41.1
2024-02-19,Puttalam,8,13.2,35.9
2024-02-26,Puttalam,9,6.4,48.8
2024-03-04,Puttalam,10,12.4,45.2
2024-03-11,Puttalam,11,9.5,45.9
2024-03-18,Puttalam,12,17.4,38.7
2024-03-25,Puttalam,13,17.4,37.5
2024-04-01,Puttalam,14,6.5,21.9
2024-04-08,Puttalam,15,13.4,30.3
2024-04-15,Puttalam,16,18.7,18.4
2024-04-22,Puttalam,17,2.7,23.9
2024-04-29,Puttalam,18,9.4,7.1
2024-05-06,Puttalam,19,13.0,4.7
2024-05-13,Puttalam,20,2.4,21.5
2024-05-20,Puttalam,21,24.6,4.0
2024-05-27,Puttalam,22,17.4,9.7
2024-06-03,Puttalam,23,41.4,4.9
2024-06-10,Puttalam,24,30.1,15.9
2024-06-17,Puttalam,25,36.9,10.1
2024-06-24,Puttalam,26,32.9,4.2
2024-07-01,Puttalam,27,34.8,0.0
2024-07-08,Puttalam,28,56.5,4.9
2024-07-15,Puttalam,29,47.2,1.2
2024-07-22,Puttalam,30,46.3,8.4
2024-07-29,Puttalam,31,52.6,0.0
2024-08-05,Puttalam,32,33.2,10.4
2024-08-12,Puttalam,33,33.2,13.7
2024-08-19,Puttalam,34,29.3,11.6
2024-08-26,Puttalam,35,15.8,14.3
2024-09-02,Puttalam,36,22.0,14.0
2024-09-09,Puttalam,37,5.6,22.2
2024-09-16,Puttalam,38,12.6,22.2
2024-09-23,Puttalam,39,3.0,34.4
2024-09-30,Puttalam,40,0.0,28.7
2024-10-07,Puttalam,41,0.0,31.5
2024-10-14,Puttalam,42,0.0,37.4
2024-10-21,Puttalam,43,0.0,32.1
2024-10-28,Puttalam,44,0.0,54.5
2024-11-04,Puttalam,45,0.0,39.6
2024-11-11,Puttalam,46,17.5,48.3
2024-11-18,Puttalam,47,17.4,47.9
2024-11-25,Puttalam,48,17.5,49.6
2024-12-02,Puttalam,49,0.0,51.6
2024-12-09,Puttalam,50,12.4,64.5
2024-12-16,Puttalam,51,10.7,40.3
2024-12-23,Puttalam,52,9.2,71.3
2024-12-30,Puttalam,1,16.9,50.1
2025-01-06,Puttalam,2,14.7,50.4
2025-01-13,Puttalam,3,0.0,52.2
2025-01-20,Puttalam,4,10.7,42.1
2025-01-27,Puttalam,5,0.8,52.2
2025-02-03,Puttalam,6,6.7,52.9
2025-02-10,Puttalam,7,0.3,53.0
2025-02-17,Puttalam,8,0.5,56.4
2025-02-24,Puttalam,9,0.0,37.6
2025-03-03,Puttalam,10,13.3,51.6
2025-03-10,Puttalam,11,12.5,42.2
2025-03-17,Puttalam,12,10.1,29.8
2025-03-24,Puttalam,13,6.1,25.7
2025-03-31,Puttalam,14,0.0,32.4
2025-04-07,Puttalam,15,1.0,28.9
2025-04-14,Puttalam,16,0.0,25.8
2025-04-21,Puttalam,17,6.1,29.6
2025-04-28,Puttalam,18,12.6,25.8
2025-05-05,Puttalam,19,4.0,16.1
2025-05-12,Puttalam,20,2.2,10.9
2025-05-19,Puttalam,21,7.9,6.9
2025-05-26,Puttalam,22,10.3,0.9
2025-06-02,Puttalam,23,8.5,1.5
2025-06-09,Puttalam,24,39.0,0.0
2025-06-16,Puttalam,25,28.9,16.5
2025-06-23,Puttalam,26,39.6,7.1
2025-06-30,Puttalam,27,53.2,9.0
2025-07-07,Puttalam,28,37.6,3.8
2025-07-14,Puttalam,29,36.8,20.4
2025-07-21,Puttalam,30,35.3,0.3
2025-07-28,Puttalam,31,36.4,0.0
2025-08-04,Puttalam,32,50.7,24.0
2025-08-11,Puttalam,33,30.1,3.4
2025-08-18,Puttalam,34,9.3,12.0
2025-08-25,Puttalam,35,17.5,11.9
2025-09-01,Puttalam,36,14.6,20.8
2025-09-08,Puttalam,37,8.6,19.2
2025-09-15,Puttalam,38,0.0,28.0
2025-09-22,Puttalam,39,0.0,32.3
2025-09-29,Puttalam,40,0.0,21.5
2025-10-06,Puttalam,41,0.0,28.5
2025-10-13,Puttalam,42,0.0,40.5
2025-10-20,Puttalam,43,0.0,45.5
2025-10-27,Puttalam,44,0.0,42.9
2025-11-03,Puttalam,45,9.7,47.0
2025-11-10,Puttalam,46,6.6,55.5
2025-11-17,Puttalam,47,13.7,46.9
2025-11-24,Puttalam,48,13.3,54.8
2025-12-01,Puttalam,49,19.9,51.8
2025-12-08,Puttalam,50,20.5,41.6
2025-12-15,Puttalam,51,9.6,54.0
2025-12-22,Puttalam,52,4.2,69.1
2024-01-01,Galle,1,9.5,52.6
2024-01-08,Galle,2,10.2,42.8
2024-01-15,Galle,3,3.9,60.2
2024-01-22,Galle,4,5.0,48.4
2024-01-29,Galle,5,20.5,60.2
2024-02-05,Galle,6,14.1,47.8
2024-02-12,Galle,7,8.1,43.9
2024-02-19,Galle,8,2.0,40.3
2024-02-26,Galle,9,5.1,38.0
2024-03-04,Galle,10,0.0,42.9
2024-03-11,Galle,11,11.9,49.1
2024-03-18,Galle,12,4.7,37.8
2024-03-25,Galle,13,12.5,31.5
2024-04-01,Galle,14,16.0,34.7
2024-04-08,Galle,15,12.6,25.5
2024-04-15,Galle,16,7.1,15.8
2024-04-22,Galle,17,3.6,17.4
2024-04-29,Galle,18,1.0,21.0
2024-05-06,Galle,19,19.6,10.4
2024-05-13,Galle,20,12.3,7.2
2024-05-20,Galle,21,7.6,7.1
2024-05-27,Galle,22,24.8,5.4
2024-06-03,Galle,23,35.3,6.4
2024-06-10,Galle,24,28.7,0.0
2024-06-17,Galle,25,41.9,11.1
2024-06-24,Galle,26,46.9,18.6
2024-07-01,Galle,27,59.5,3.2
2024-07-08,Galle,28,47.2,8.0
2024-07-15,Galle,29,43.1,12.7
2024-07-22,Galle,30,50.9,8.2
2024-07-29,Galle,31,50.2,18.2
2024-08-05,Galle,32,41.3,8.7
2024-08-12,Galle,33,46.0,17.1
2024-08-19,Galle,34,24.6,13.5
2024-08-26,Galle,35,21.6,18.0
2024-09-02,Galle,36,2.0,9.1
2024-09-09,Galle,37,0.0,15.3
2024-09-16,Galle,38,0.0,27.8
2024-09-23,Galle,39,0.0,28.2
2024-09-30,Galle,40,0.0,27.2
2024-10-07,Galle,41,0.0,36.6
2024-10-14,Galle,42,0.0,37.0
2024-10-21,Galle,43,9.5,38.8
2024-10-28,Galle,44,0.0,40.6
2024-11-04,Galle,45,0.8,43.3
2024-11-11,Galle,46,5.8,37.9
2024-11-18,Galle,47,5.1,47.8
2024-11-25,Galle,48,18.7,47.2
2024-12-02,Galle,49,8.6,52.5
2024-12-09,Galle,50,17.1,52.8
2024-12-16,Galle,51,13.2,51.0
2024-12-23,Galle,52,14.6,57.1
2024-12-30,Galle,1,16.9,59.3
2025-01-06,Galle,2,14.7,54.2
2025-01-13,Galle,3,12.0,60.7
2025-01-20,Galle,4,4.8,49.6
2025-01-27,Galle,5,11.5,54.6
2025-02-03,Galle,6,3.4,50.1
2025-02-10,Galle,7,9.2,35.4
2025-02-17,Galle,8,8.2,45.6
2025-02-24,Galle,9,8.7,52.7
2025-03-03,Galle,10,0.3,36.7
2025-03-10,Galle,11,0.0,36.0
2025-03-17,Galle,12,6.8,32.9
2025-03-24,Galle,13,18.9,38.2
2025-03-31,Galle,14,10.6,27.8
2025-04-07,Galle,15,18.2,26.9
2025-04-14,Galle,16,3.5,13.7
2025-04-21,Galle,17,6.5,25.7
2025-04-28,Galle,18,28.2,18.8
2025-05-05,Galle,19,3.9,8.7
2025-05-12,Galle,20,14.4,2.8
2025-05-19,Galle,21,14.4,16.2
2025-05-26,Galle,22,23.5,8.1
2025-06-02,Galle,23,31.7,8.9
2025-06-09,Galle,24,27.7,17.7
2025-06-16,Galle,25,37.1,10.4
2025-06-23,Galle,26,25.3,12.8
2025-06-30,Galle,27,59.8,5.2
2025-07-07,Galle,28,54.3,8.5
2025-07-14,Galle,29,44.6,9.0
2025-07-21,Galle,30,41.6,3.0
2025-07-28,Galle,31,53.7,13.7
2025-08-04,Galle,32,34.2,5.0
2025-08-11,Galle,33,28.8,15.7
2025-08-18,Galle,34,19.2,15.6
2025-08-25,Galle,35,26.0,15.3
2025-09-01,Galle,36,20.9,16.6
2025-09-08,Galle,37,4.3,15.3
2025-09-15,Galle,38,8.2,19.4
2025-09-22,Galle,39,0.0,26.6
2025-09-29,Galle,40,0.0,26.3
2025-10-06,Galle,41,1.3,34.2
2025-10-13,Galle,42,0.0,37.8
2025-10-20,Galle,43,0.0,59.6
2025-10-27,Galle,44,0.0,39.3
2025-11-03,Galle,45,11.5,33.2
2025-11-10,Galle,46,6.8,58.5
2025-11-17,Galle,47,11.9,38.3
2025-11-24,Galle,48,16.8,59.3
2025-12-01,Galle,49,13.0,47.1
2025-12-08,Galle,50,4.5,50.0
2025-12-15,Galle,51,12.9,62.3
2025-12-22,Galle,52,18.4,57.6
2024-01-01,Jaffna,1,0.0,47.0
2024-01-08,Jaffna,2,14.3,46.7
2024-01-15,Jaffna,3,8.2,56.1
2024-01-22,Jaffna,4,0.9,47.2
2024-01-29,Jaffna,5,9.2,55.2
2024-02-05,Jaffna,6,18.5,54.2
2024-02-12,Jaffna,7,10.6,44.2
2024-02-19,Jaffna,8,1.4,43.5
2024-02-26,Jaffna,9,13.3,46.2
2024-03-04,Jaffna,10,0.0,36.9
2024-03-11,Jaffna,11,19.6,39.3
2024-03-18,Jaffna,12,0.0,50.1
2024-03-25,Jaffna,13,9.8,35.3
2024-04-01,Jaffna,14,13.2,27.8
2024-04-08,Jaffna,15,4.2,39.7
2024-04-15,Jaffna,16,18.0,28.9
2024-04-22,Jaffna,17,14.6,15.1
2024-04-29,Jaffna,18,20.2,13.3
2024-05-06,Jaffna,19,12.3,6.0
2024-05-13,Jaffna,20,0.0,15.3
2024-05-20,Jaffna,21,3.5,0.0
2024-05-27,Jaffna,22,24.3,22.1
2024-06-03,Jaffna,23,38.3,6.3
2024-06-10,Jaffna,24,34.0,12.0
2024-06-17,Jaffna,25,48.9,3.7
2024-06-24,Jaffna,26,45.0,7.0
2024-07-01,Jaffna,27,52.5,4.2
2024-07-08,Jaffna,28,48.8,13.5
2024-07-15,Jaffna,29,59.5,8.6
2024-07-22,Jaffna,30,61.8,4.3
2024-07-29,Jaffna,31,57.7,11.1
2024-08-05,Jaffna,32,66.1,2.3
2024-08-12,Jaffna,33,28.4,13.8
2024-08-19,Jaffna,34,30.4,25.1
2024-08-26,Jaffna,35,14.7,21.2
2024-09-02,Jaffna,36,22.1,22.6
2024-09-09,Jaffna,37,0.0,29.6
2024-09-16,Jaffna,38,9.9,27.6
2024-09-23,Jaffna,39,0.0,28.3
2024-09-30,Jaffna,40,0.0,33.8
2024-10-07,Jaffna,41,0.0,27.9
2024-10-14,Jaffna,42,0.0,31.5
2024-10-21,Jaffna,43,0.0,38.7
2024-10-28,Jaffna,44,0.0,44.6
2024-11-04,Jaffna,45,0.0,53.0
2024-11-11,Jaffna,46,3.9,44.0
2024-11-18,Jaffna,47,16.7,37.7
2024-11-25,Jaffna,48,13.7,56.5
2024-12-02,Jaffna,49,0.0,58.8
2024-12-09,Jaffna,50,22.1,51.2
2024-12-16,Jaffna,51,12.3,61.0
2024-12-23,Jaffna,52,6.3,60.0
2024-12-30,Jaffna,1,4.6,52.1
2025-01-06,Jaffna,2,3.6,56.9
2025-01-13,Jaffna,3,19.3,53.2
2025-01-20,Jaffna,4,0.0,46.9
2025-01-27,Jaffna,5,13.2,63.2
2025-02-03,Jaffna,6,13.1,48.3
2025-02-10,Jaffna,7,16.1,47.3
2025-02-17,Jaffna,8,7.0,40.8
2025-02-24,Jaffna,9,21.3,29.0
2025-03-03,Jaffna,10,16.4,38.8
2025-03-10,Jaffna,11,6.7,49.0
2025-03-17,Jaffna,12,4.3,31.9
2025-03-24,Jaffna,13,9.0,35.5
2025-03-31,Jaffna,14,6.5,20.6
2025-04-07,Jaffna,15,3.1,34.7
2025-04-14,Jaffna,16,10.6,26.7
2025-04-21,Jaffna,17,7.9,17.2
2025-04-28,Jaffna,18,23.4,17.3
2025-05-05,Jaffna,19,6.5,22.4
2025-05-12,Jaffna,20,4.2,9.9
2025-05-19,Jaffna,21,10.1,11.3
2025-05-26,Jaffna,22,22.1,22.0
2025-06-02,Jaffna,23,29.9,0.0
2025-06-09,Jaffna,24,36.6,6.9
2025-06-16,Jaffna,25,40.2,7.2
2025-06-23,Jaffna,26,44.5,4.9
2025-06-30,Jaffna,27,53.0,1.7
2025-07-07,Jaffna,28,42.2,23.3
2025-07-14,Jaffna,29,44.1,6.3
2025-07-21,Jaffna,30,36.1,7.3
2025-07-28,Jaffna,31,37.2,5.2
2025-08-04,Jaffna,32,48.3,12.3
2025-08-11,Jaffna,33,38.5,0.7
2025-08-18,Jaffna,34,41.9,6.3
2025-08-25,Jaffna,35,32.2,21.9
2025-09-01,Jaffna,36,17.4,13.3
2025-09-08,Jaffna,37,7.3,18.3
2025-09-15,Jaffna,38,0.3,22.5
2025-09-22,Jaffna,39,0.0,33.7
2025-09-29,Jaffna,40,0.0,27.1
2025-10-06,Jaffna,41,0.0,35.2
2025-10-13,Jaffna,42,0.0,22.5
2025-10-20,Jaffna,43,0.0,42.0
2025-10-27,Jaffna,44,0.0,34.7
2025-11-03,Jaffna,45,0.8,35.4
2025-11-10,Jaffna,46,0.0,42.1
2025-11-17,Jaffna,47,19.6,46.5
2025-11-24,Jaffna,48,16.4,62.3
2025-12-01,Jaffna,49,12.8,54.2
2025-12-08,Jaffna,50,7.0,49.8
2025-12-15,Jaffna,51,0.0,60.1
2025-12-22,Jaffna,52,13.6,53.7
2024-01-01,Anuradhapura,1,8.9,59.4
2024-01-08,Anuradhapura,2,0.0,51.3
2024-01-15,Anuradhapura,3,0.9,64.9
2024-01-22,Anuradhapura,4,17.0,40.2
2024-01-29,Anuradhapura,5,0.0,51.3
2024-02-05,Anuradhapura,6,6.2,42.6
2024-02-12,Anuradhapura,7,25.6,50.6
2024-02-19,Anuradhapura,8,13.8,42.4
2024-02-26,Anuradhapura,9,15.8,41.9
2024-03-04,Anuradhapura,10,7.7,45.3
2024-03-11,Anuradhapura,11,0.0,48.4
2024-03-18,Anuradhapura,12,11.5,43.7
2024-03-25,Anuradhapura,13,1.4,27.5
2024-04-01,Anuradhapura,14,0.7,31.5
2024-04-08,Anuradhapura,15,10.5,24.2
2024-04-15,Anuradhapura,16,1.9,16.4
2024-04-22,Anuradhapura,17,9.6,18.3
2024-04-29,Anuradhapura,18,4.5,27.7
2024-05-06,Anuradhapura,19,9.3,23.4
2024-05-13,Anuradhapura,20,5.7,14.9
2024-05-20,Anuradhapura,21,9.6,1.1
2024-05-27,Anuradhapura,22,31.4,8.6
2024-06-03,Anuradhapura,23,33.2,3.4
2024-06-10,Anuradhapura,24,32.6,1.4
2024-06-17,Anuradhapura,25,49.8,7.6
2024-06-24,Anuradhapura,26,47.6,13.3
2024-07-01,Anuradhapura,27,57.3,9.6
2024-07-08,Anuradhapura,28,38.4,1.0
2024-07-15,Anuradhapura,29,41.8,10.1
2024-07-22,Anuradhapura,30,49.4,0.0
2024-07-29,Anuradhapura,31,43.2,0.0
2024-08-05,Anuradhapura,32,39.5,0.0
2024-08-12,Anuradhapura,33,38.2,13.6
2024-08-19,Anuradhapura,34,42.4,18.5
2024-08-26,Anuradhapura,35,16.6,20.7
2024-09-02,Anuradhapura,36,1.6,12.6
2024-09-09,Anuradhapura,37,8.7,8.2
2024-09-16,Anuradhapura,38,0.0,17.9
2024-09-23,Anuradhapura,39,0.0,20.5
2024-09-30,Anuradhapura,40,0.0,30.1
2024-10-07,Anuradhapura,41,1.4,33.1
2024-10-14,Anuradhapura,42,0.0,34.5
2024-10-21,Anuradhapura,43,0.0,41.3
2024-10-28,Anuradhapura,44,0.0,56.4
2024-11-04,Anuradhapura,45,0.0,42.6
2024-11-11,Anuradhapura,46,1.5,47.9
2024-11-18,Anuradhapura,47,15.9,48.4
2024-11-25,Anuradhapura,48,28.7,46.9
2024-12-02,Anuradhapura,49,17.9,55.4
2024-12-09,Anuradhapura,50,9.9,51.5
2024-12-16,Anuradhapura,51,29.4,49.4
2024-12-23,Anuradhapura,52,12.4,50.3
2024-12-30,Anuradhapura,1,24.3,60.3
2025-01-06,Anuradhapura,2,4.6,57.9
2025-01-13,Anuradhapura,3,12.1,51.2
2025-01-20,Anuradhapura,4,16.1,55.7
2025-01-27,Anuradhapura,5,11.7,51.9
2025-02-03,Anuradhapura,6,13.4,52.0
2025-02-10,Anuradhapura,7,10.5,44.9
2025-02-17,Anuradhapura,8,23.6,40.3
2025-02-24,Anuradhapura,9,13.4,42.3
2025-03-03,Anuradhapura,10,24.1,36.2
2025-03-10,Anuradhapura,11,4.1,33.0
2025-03-17,Anuradhapura,12,12.6,27.7
2025-03-24,Anuradhapura,13,6.2,20.1
2025-03-31,Anuradhapura,14,11.9,27.0
2025-04-07,Anuradhapura,15,0.0,33.5
2025-04-14,Anuradhapura,16,0.0,28.8
2025-04-21,Anuradhapura,17,4.4,30.7
2025-04-28,Anuradhapura,18,16.0,12.3
2025-05-05,Anuradhapura,19,2.7,19.4
2025-05-12,Anuradhapura,20,7.9,12.4
2025-05-19,Anuradhapura,21,20.2,6.8
2025-05-26,Anuradhapura,22,20.7,15.2
2025-06-02,Anuradhapura,23,33.7,6.9
2025-06-09,Anuradhapura,24,31.6,0.0
2025-06-16,Anuradhapura,25,31.4,7.6
2025-06-23,Anuradhapura,26,43.6,5.6
2025-06-30,Anuradhapura,27,56.4,0.0
2025-07-07,Anuradhapura,28,47.9,6.3
2025-07-14,Anuradhapura,29,44.1,14.3
2025-07-21,Anuradhapura,30,55.3,8.4
2025-07-28,Anuradhapura,31,59.0,0.0
2025-08-04,Anuradhapura,32,39.8,11.6
2025-08-11,Anuradhapura,33,26.6,13.1
2025-08-18,Anuradhapura,34,18.3,17.6
2025-08-25,Anuradhapura,35,28.5,17.4
2025-09-01,Anuradhapura,36,0.0,12.6
2025-09-08,Anuradhapura,37,10.6,21.3
2025-09-15,Anuradhapura,38,0.0,31.5
2025-09-22,Anuradhapura,39,0.0,22.1
2025-09-29,Anuradhapura,40,0.0,25.9
2025-10-06,Anuradhapura,41,0.0,35.2
2025-10-13,Anuradhapura,42,4.5,45.7
2025-10-20,Anuradhapura,43,0.0,41.6
2025-10-27,Anuradhapura,44,1.6,34.1
2025-11-03,Anuradhapura,45,5.3,39.8
2025-11-10,Anuradhapura,46,8.6,45.2
2025-11-17,Anuradhapura,47,16.8,49.4
2025-11-24,Anuradhapura,48,0.0,51.6
2025-12-01,Anuradhapura,49,15.1,54.8
2025-12-08,Anuradhapura,50,9.2,63.2
2025-12-15,Anuradhapura,51,12.5,56.9
2025-12-22,Anuradhapura,52,18.4,57.0
2024-01-01,Polonnaruwa,1,2.8,40.4
2024-01-08,Polonnaruwa,2,6.2,59.4
2024-01-15,Polonnaruwa,3,7.2,59.1
2024-01-22,Polonnaruwa,4,11.2,61.1
2024-01-29,Polonnaruwa,5,7.6,54.9
2024-02-05,Polonnaruwa,6,14.0,59.6
2024-02-12,Polonnaruwa,7,0.0,46.0
2024-02-19,Polonnaruwa,8,16.8,55.9
2024-02-26,Polonnaruwa,9,11.9,42.4
2024-03-04,Polonnaruwa,10,16.1,46.8
2024-03-11,Polonnaruwa,11,7.1,40.8
2024-03-18,Polonnaruwa,12,19.4,47.3
2024-03-25,Polonnaruwa,13,15.9,33.3
2024-04-01,Polonnaruwa,14,9.6,33.3
2024-04-08,Polonnaruwa,15,9.1,28.1
2024-04-15,Polonnaruwa,16,1.5,31.8
2024-04-22,Polonnaruwa,17,0.9,18.5
2024-04-29,Polonnaruwa,18,10.8,30.3
2024-05-06,Polonnaruwa,19,6.6,11.8
2024-05-13,Polonnaruwa,20,5.6,23.4
2024-05-20,Polonnaruwa,21,0.0,5.3
2024-05-27,Polonnaruwa,22,41.9,13.0
2024-06-03,Polonnaruwa,23,18.3,7.6
2024-06-10,Polonnaruwa,24,34.5,11.7
2024-06-17,Polonnaruwa,25,54.6,8.1
2024-06-24,Polonnaruwa,26,40.4,9.9
2024-07-01,Polonnaruwa,27,42.5,0.0
2024-07-08,Polonnaruwa,28,35.7,0.0
2024-07-15,Polonnaruwa,29,42.6,0.0
2024-07-22,Polonnaruwa,30,50.6,0.0
2024-07-29,Polonnaruwa,31,19.5,1.6
2024-08-05,Polonnaruwa,32,36.1,5.8
2024-08-12,Polonnaruwa,33,46.1,7.6
2024-08-19,Polonnaruwa,34,34.2,13.3
2024-08-26,Polonnaruwa,35,19.7,10.8
2024-09-02,Polonnaruwa,36,12.4,13.8
2024-09-09,Polonnaruwa,37,7.4,19.7
2024-09-16,Polonnaruwa,38,0.0,30.0
2024-09-23,Polonnaruwa,39,0.0,24.3
2024-09-30,Polonnaruwa,40,0.0,29.5
2024-10-07,Polonnaruwa,41,0.0,33.4
2024-10-14,Polonnaruwa,42,0.0,30.3
2024-10-21,Polonnaruwa,43,0.0,36.7
2024-10-28,Polonnaruwa,44,0.0,37.5
2024-11-04,Polonnaruwa,45,20.3,49.5
2024-11-11,Polonnaruwa,46,16.5,51.3
2024-11-18,Polonnaruwa,47,27.6,44.0
2024-11-25,Polonnaruwa,48,0.0,47.9
2024-12-02,Polonnaruwa,49,14.5,53.0
2024-12-09,Polonnaruwa,50,12.2,61.3
2024-12-16,Polonnaruwa,51,13.1,59.1
2024-12-23,Polonnaruwa,52,2.5,48.2
2024-12-30,Polonnaruwa,1,22.9,55.6
2025-01-06,Polonnaruwa,2,5.0,51.1
2025-01-13,Polonnaruwa,3,4.8,50.0
2025-01-20,Polonnaruwa,4,0.0,44.4
2025-01-27,Polonnaruwa,5,8.4,48.6
2025-02-03,Polonnaruwa,6,18.9,52.3
2025-02-10,Polonnaruwa,7,12.1,44.3
2025-02-17,Polonnaruwa,8,9.0,48.7
2025-02-24,Polonnaruwa,9,15.7,43.6
2025-03-03,Polonnaruwa,10,18.6,41.7
2025-03-10,Polonnaruwa,11,16.3,35.9
2025-03-17,Polonnaruwa,12,0.0,37.6
2025-03-24,Polonnaruwa,13,15.8,36.5
2025-03-31,Polonnaruwa,14,13.4,27.9
2025-04-07,Polonnaruwa,15,3.5,30.3
2025-04-14,Polonnaruwa,16,13.4,20.7
2025-04-21,Polonnaruwa,17,18.9,15.8
2025-04-28,Polonnaruwa,18,5.3,28.2
2025-05-05,Polonnaruwa,19,16.9,13.7
2025-05-12,Polonnaruwa,20,12.3,14.4
2025-05-19,Polonnaruwa,21,0.0,5.8
2025-05-26,Polonnaruwa,22,19.6,7.3
2025-06-02,Polonnaruwa,23,29.2,14.6
2025-06-09,Polonnaruwa,24,31.4,0.3
2025-06-16,Polonnaruwa,25,42.5,3.8
2025-06-23,Polonnaruwa,26,43.4,3.4
2025-06-30,Polonnaruwa,27,66.0,0.0
2025-07-07,Polonnaruwa,28,46.7,5.2
2025-07-14,Polonnaruwa,29,43.5,11.1
2025-07-21,Polonnaruwa,30,54.6,6.3
2025-07-28,Polonnaruwa,31,42.5,7.2
2025-08-04,Polonnaruwa,32,39.1,9.0
2025-08-11,Polonnaruwa,33,32.4,12.8
2025-08-18,Polonnaruwa,34,33.2,6.0
2025-08-25,Polonnaruwa,35,11.6,5.3
2025-09-01,Polonnaruwa,36,19.8,19.9
2025-09-08,Polonnaruwa,37,10.1,12.6
2025-09-15,Polonnaruwa,38,14.4,20.4
2025-09-22,Polonnaruwa,39,0.0,32.1
2025-09-29,Polonnaruwa,40,0.0,26.7
2025-10-06,Polonnaruwa,41,0.0,50.2
2025-10-13,Polonnaruwa,42,0.0,45.6
2025-10-20,Polonnaruwa,43,1.6,41.1
2025-10-27,Polonnaruwa,44,0.0,48.0
2025-11-03,Polonnaruwa,45,0.0,53.8
2025-11-10,Polonnaruwa,46,7.7,30.7
2025-11-17,Polonnaruwa,47,10.1,52.6
2025-11-24,Polonnaruwa,48,18.1,54.9
2025-12-01,Polonnaruwa,49,3.2,44.3
2025-12-08,Polonnaruwa,50,9.4,53.6
2025-12-15,Polonnaruwa,51,7.2,61.6
2025-12-22,Polonnaruwa,52,3.2,56.7
2024-01-01,Kegalle,1,10.5,45.7
2024-01-08,Kegalle,2,0.0,54.9
2024-01-15,Kegalle,3,25.8,57.7
2024-01-22,Kegalle,4,0.0,34.7
2024-01-29,Kegalle,5,15.9,51.6
2024-02-05,Kegalle,6,19.1,45.3
2024-02-12,Kegalle,7,12.8,53.8
2024-02-19,Kegalle,8,6.4,44.0
2024-02-26,Kegalle,9,10.2,47.5
2024-03-04,Kegalle,10,9.9,47.5
2024-03-11,Kegalle,11,6.3,30.9
2024-03-18,Kegalle,12,25.8,32.4
2024-03-25,Kegalle,13,5.5,32.6
2024-04-01,Kegalle,14,10.5,27.7
2024-04-08,Kegalle,15,9.9,26.7
2024-04-15,Kegalle,16,11.4,9.9
2024-04-22,Kegalle,17,25.0,20.3
2024-04-29,Kegalle,18,14.6,10.1
2024-05-06,Kegalle,19,6.2,11.8
2024-05-13,Kegalle,20,21.8,9.9
2024-05-20,Kegalle,21,16.1,7.4
2024-05-27,Kegalle,22,16.4,8.0
2024-06-03,Kegalle,23,37.5,0.0
2024-06-10,Kegalle,24,23.4,0.0
2024-06-17,Kegalle,25,31.2,0.9
2024-06-24,Kegalle,26,31.8,0.8
2024-07-01,Kegalle,27,31.9,0.0
2024-07-08,Kegalle,28,59.4,7.6
2024-07-15,Kegalle,29,51.3,0.0
2024-07-22,Kegalle,30,35.8,0.0
2024-07-29,Kegalle,31,44.3,13.1
2024-08-05,Kegalle,32,47.1,13.2
2024-08-12,Kegalle,33,28.0,11.4
2024-08-19,Kegalle,34,24.6,12.2
2024-08-26,Kegalle,35,36.3,5.2
2024-09-02,Kegalle,36,10.9,25.7
2024-09-09,Kegalle,37,0.0,17.3
2024-09-16,Kegalle,38,0.0,22.7
2024-09-23,Kegalle,39,0.0,30.6
2024-09-30,Kegalle,40,0.0,33.1
2024-10-07,Kegalle,41,0.0,33.5
2024-10-14,Kegalle,42,0.0,34.0
2024-10-21,Kegalle,43,9.2,39.4
2024-10-28,Kegalle,44,0.0,42.7
2024-11-04,Kegalle,45,0.0,37.0
2024-11-11,Kegalle,46,0.0,43.9
2024-11-18,Kegalle,47,20.3,52.2
2024-11-25,Kegalle,48,24.2,44.0
2024-12-02,Kegalle,49,5.7,53.8
2024-12-09,Kegalle,50,5.0,51.7
2024-12-16,Kegalle,51,13.5,52.2
2024-12-23,Kegalle,52,11.8,64.4
2024-12-30,Kegalle,1,8.6,62.1
2025-01-06,Kegalle,2,14.5,46.0
2025-01-13,Kegalle,3,1.2,49.3
2025-01-20,Kegalle,4,3.2,52.8
2025-01-27,Kegalle,5,14.9,59.7
2025-02-03,Kegalle,6,12.5,47.9
2025-02-10,Kegalle,7,0.0,49.1
2025-02-17,Kegalle,8,10.2,47.7
2025-02-24,Kegalle,9,26.8,51.6
2025-03-03,Kegalle,10,16.3,35.8
2025-03-10,Kegalle,11,5.9,38.3
2025-03-17,Kegalle,12,3.8,39.0
2025-03-24,Kegalle,13,12.9,26.5
2025-03-31,Kegalle,14,19.6,30.6
2025-04-07,Kegalle,15,0.0,26.7
2025-04-14,Kegalle,16,12.2,29.9
2025-04-21,Kegalle,17,7.3,26.1
2025-04-28,Kegalle,18,11.5,10.5
2025-05-05,Kegalle,19,0.0,22.5
2025-05-12,Kegalle,20,19.6,15.4
2025-05-19,Kegalle,21,22.0,17.6
2025-05-26,Kegalle,22,25.5,4.0
2025-06-02,Kegalle,23,41.0,11.1
2025-06-09,Kegalle,24,30.9,2.6
2025-06-16,Kegalle,25,41.9,0.0
2025-06-23,Kegalle,26,50.3,0.0
2025-06-30,Kegalle,27,51.0,1.9
2025-07-07,Kegalle,28,47.7,0.6
2025-07-14,Kegalle,29,48.5,17.1
2025-07-21,Kegalle,30,59.1,8.8
2025-07-28,Kegalle,31,44.5,12.9
2025-08-04,Kegalle,32,48.9,4.4
2025-08-11,Kegalle,33,33.3,0.4
2025-08-18,Kegalle,34,36.2,25.8
2025-08-25,Kegalle,35,20.6,3.0
2025-09-01,Kegalle,36,17.7,13.0
2025-09-08,Kegalle,37,0.8,24.9
2025-09-15,Kegalle,38,2.1,21.1
2025-09-22,Kegalle,39,0.0,27.7
2025-09-29,Kegalle,40,0.0,23.3
2025-10-06,Kegalle,41,0.0,35.1
2025-10-13,Kegalle,42,0.0,27.5
2025-10-20,Kegalle,43,0.0,22.4
2025-10-27,Kegalle,44,0.0,37.9
2025-11-03,Kegalle,45,1.3,47.6
2025-11-10,Kegalle,46,15.1,42.3
2025-11-17,Kegalle,47,17.5,49.9
2025-11-24,Kegalle,48,6.3,62.0
2025-12-01,Kegalle,49,0.0,54.7
2025-12-08,Kegalle,50,13.1,55.0
2025-12-15,Kegalle,51,6.0,59.2
2025-12-22,Kegalle,52,0.0,54.4
2024-01-01,Ampara,1,5.5,50.9
2024-01-08,Ampara,2,13.4,61.3
2024-01-15,Ampara,3,7.3,59.0
2024-01-22,Ampara,4,10.4,48.0
2024-01-29,Ampara,5,7.9,50.3
2024-02-05,Ampara,6,4.4,53.1
2024-02-12,Ampara,7,11.9,39.2
2024-02-19,Ampara,8,0.0,49.1
2024-02-26,Ampara,9,3.5,46.0
2024-03-04,Ampara,10,16.2,34.0
2024-03-11,Ampara,11,0.0,48.9
2024-03-18,Ampara,12,12.8,33.5
2024-03-25,Ampara,13,2.5,30.0
2024-04-01,Ampara,14,0.5,35.3
2024-04-08,Ampara,15,3.8,33.5
2024-04-15,Ampara,16,6.8,17.8
2024-04-22,Ampara,17,6.6,5.4
2024-04-29,Ampara,18,9.0,17.4
2024-05-06,Ampara,19,16.6,4.5
2024-05-13,Ampara,20,19.3,18.3
2024-05-20,Ampara,21,20.0,11.0
2024-05-27,Ampara,22,28.1,0.6
2024-06-03,Ampara,23,32.9,3.2
2024-06-10,Ampara,24,20.7,0.0
2024-06-17,Ampara,25,39.9,0.8
2024-06-24,Ampara,26,47.7,0.0
2024-07-01,Ampara,27,31.0,13.2
2024-07-08,Ampara,28,57.0,0.0
2024-07-15,Ampara,29,49.8,11.8
2024-07-22,Ampara,30,51.4,7.5
2024-07-29,Ampara,31,53.5,3.5
2024-08-05,Ampara,32,40.1,9.3
2024-08-12,Ampara,33,31.8,8.9
2024-08-19,Ampara,34,27.8,13.6
2024-08-26,Ampara,35,11.6,20.6
2024-09-02,Ampara,36,5.0,17.1
2024-09-09,Ampara,37,3.7,23.3
2024-09-16,Ampara,38,0.0,29.4
2024-09-23,Ampara,39,0.0,34.3
2024-09-30,Ampara,40,0.0,29.7
2024-10-07,Ampara,41,5.5,31.3
2024-10-14,Ampara,42,0.1,36.2
2024-10-21,Ampara,43,0.0,39.3
2024-10-28,Ampara,44,2.1,37.5
2024-11-04,Ampara,45,0.0,40.4
2024-11-11,Ampara,46,6.9,45.3
2024-11-18,Ampara,47,18.5,56.5
2024-11-25,Ampara,48,12.2,46.2
2024-12-02,Ampara,49,0.0,64.3
2024-12-09,Ampara,50,12.4,56.3
2024-12-16,Ampara,51,0.0,54.3
2024-12-23,Ampara,52,14.1,53.3
2024-12-30,Ampara,1,18.6,68.9
2025-01-06,Ampara,2,2.4,48.7
2025-01-13,Ampara,3,3.0,63.9
2025-01-20,Ampara,4,18.3,52.6
2025-01-27,Ampara,5,10.3,47.2
2025-02-03,Ampara,6,17.1,48.3
2025-02-10,Ampara,7,7.9,52.4
2025-02-17,Ampara,8,8.5,45.2
2025-02-24,Ampara,9,10.1,49.0
2025-03-03,Ampara,10,23.2,45.1
2025-03-10,Ampara,11,16.4,37.7
2025-03-17,Ampara,12,4.3,39.9
2025-03-24,Ampara,13,11.4,24.5
2025-03-31,Ampara,14,7.4,29.5
2025-04-07,Ampara,15,5.9,35.9
2025-04-14,Ampara,16,13.8,32.3
2025-04-21,Ampara,17,12.1,21.6
2025-04-28,Ampara,18,2.5,18.5
2025-05-05,Ampara,19,10.1,7.6
2025-05-12,Ampara,20,5.7,11.5
2025-05-19,Ampara,21,13.3,14.1
2025-05-26,Ampara,22,15.3,12.2
2025-06-02,Ampara,23,25.7,0.0
2025-06-09,Ampara,24,30.1,13.1
2025-06-16,Ampara,25,26.4,6.4
2025-06-23,Ampara,26,57.4,0.6
2025-06-30,Ampara,27,48.1,0.0
2025-07-07,Ampara,28,62.8,4.7
2025-07-14,Ampara,29,50.2,13.9
2025-07-21,Ampara,30,53.3,1.4
2025-07-28,Ampara,31,39.5,10.8
2025-08-04,Ampara,32,34.9,0.0
2025-08-11,Ampara,33,33.5,2.4
2025-08-18,Ampara,34,40.1,14.5
2025-08-25,Ampara,35,12.8,11.6
2025-09-01,Ampara,36,0.0,11.8
2025-09-08,Ampara,37,14.2,34.5
2025-09-15,Ampara,38,5.9,23.5
2025-09-22,Ampara,39,0.0,21.2
2025-09-29,Ampara,40,8.4,28.9
2025-10-06,Ampara,41,7.1,41.4
2025-10-13,Ampara,42,0.0,32.0
2025-10-20,Ampara,43,0.0,38.4
2025-10-27,Ampara,44,0.0,59.6
2025-11-03,Ampara,45,0.0,45.6
2025-11-10,Ampara,46,11.0,46.6
2025-11-17,Ampara,47,13.7,42.4
2025-11-24,Ampara,48,20.9,53.6
2025-12-01,Ampara,49,12.6,55.6
2025-12-08,Ampara,50,21.3,59.0
2025-12-15,Ampara,51,10.6,47.2
2025-12-22,Ampara,52,5.2,53.5
